Ref,Side,Grid,CPL_X,CPL_Y,Rot,Value,Package,Board_X_mm,Board_Y_down_mm
C1,top,F12,52.341474,-116.619848,0.000000,1uF,C_0603_1608Metric,52.3415,116.6198
C2,top,G14,62.884081,-139.506572,0.000000,100nF,C_0603_1608Metric,62.8841,139.5066
C3,top,F12,56.096516,-116.114462,0.000000,10uF,C_0805_2012Metric,56.0965,116.1145
C8,top,C12,29.945838,-119.442200,0.000000,100nF,C_0603_1608Metric,29.9458,119.4422
C9,top,D12,35.200000,-116.000000,0.000000,100nF,C_0603_1608Metric,35.2000,116.0000
C10,top,D12,31.152788,-112.403243,0.000000,10uf,C_0805_2012Metric,31.1528,112.4032
C11,top,G1,60.480000,-6.670000,0.000000,4.7uF,C_0805_2012Metric,60.4800,6.6700
C12,top,E1,42.750000,-2.250000,0.000000,22uF,C_1210_3225Metric,42.7500,2.2500
C13,top,C11,27.126869,-107.984342,0.000000,100nF,C_0603_1608Metric,27.1269,107.9843
C14,top,E11,41.669701,-105.647034,0.000000,100nF,C_0603_1608Metric,41.6697,105.6470
C15,top,C11,26.787132,-105.770845,0.000000,10uF,C_0805_2012Metric,26.7871,105.7708
C20,top,D15,35.485707,-140.608253,0.000000,4.7uF 10V X7R,C_0805_2012Metric,35.4857,140.6083
C56,top,D11,37.379877,-108.967758,0.000000,1uF,C_0603_1608Metric,37.3799,108.9678
C67,top,G5,63.000000,-49.750000,0.000000,1uF 10V X7R,C_0603_1608Metric,63.0000,49.7500
D1,top,F1,51.750000,-6.600000,0.000000,TSAL6100,LED_D5.0mm,51.7500,6.6000
D2,top,F3,59.702377,-24.931929,0.000000,TPD4E1B06DRLR,SOT-563,59.7024,24.9319
D4,top,F3,59.275609,-29.650496,0.000000,TPD4E1B06DRLR,SOT-563,59.2756,29.6505
D5,top,F3,59.470702,-21.678427,0.000000,TPD4E1B06DRLR,SOT-563,59.4707,21.6784
D13,top,D11,32.660000,-107.000000,0.000000,MHPA3528RGBCT,MEIHUA_MHPA3528RGBCT_PLCC4_3.5x2.8mm,32.6600,107.0000
J1,top,D10,32.660000,-96.000000,0.000000,FH69-50S-0.5SH,Hirose_FH69-50S-0.5SH,32.6600,96.0000
J2,top,B15,15.000000,-142.550000,180.000000,Molex_5025700893,Molex_5025700893,15.0000,142.5500
J3,top,E15,43.000000,-147.325000,0.000000,USB_C_Receptacle_USB2.0_16P,USB_C_Receptacle_GCT_USB4105-xx-A_16P_TopMnt_Horizontal,43.0000,147.3250
J5,top,G4,65.900000,-39.210000,-90.000000,COMMUNITY_PORT_1x24,Samtec_SSQ-124-02-G-S-RA,65.9000,39.2100
J6,top,D13,38.000000,-128.000000,0.000000,JST-PH-2 SPEAKER,JST_PH_B2B-PH-K_1x02_P2.00mm_Vertical,38.0000,128.0000
J8,top,H8,73.400000,-76.400000,90.000000,QWIIC_STEMMA_QT,JST_SH_SM04B-SRSS-TB_1x04-1MP_P1.00mm_Horizontal,73.4000,76.4000
Q1,top,E1,47.287072,-2.633002,0.000000,AO3400A,SOT-23,47.2871,2.6330
Q10,top,G12,60.595831,-115.725585,0.000000,2N7002,SOT-23,60.5958,115.7256
R1,top,F15,57.449525,-141.196579,0.000000,10k,R_0603_1608Metric,57.4495,141.1966
R2,top,F12,56.244790,-113.678884,0.000000,10k,R_0603_1608Metric,56.2448,113.6789
R3,top,F15,54.164652,-145.639310,0.000000,10k,R_0603_1608Metric,54.1647,145.6393
R12,top,D10,37.477740,-90.649357,0.000000,100k,R_0603_1608Metric,37.4777,90.6494
R15,top,C12,26.900481,-115.086793,0.000000,100k,R_0603_1608Metric,26.9005,115.0868
R16,top,D9,35.185124,-88.620044,0.000000,100k,R_0603_1608Metric,35.1851,88.6200
R18,top,E12,45.298856,-116.721301,0.000000,220R,R_0603_1608Metric,45.2989,116.7213
R19,top,E13,41.821900,-120.996026,0.000000,2.2k,R_0603_1608Metric,41.8219,120.9960
R20,top,E14,41.009407,-132.744740,0.000000,2.2k,R_0603_1608Metric,41.0094,132.7447
R21,top,G1,60.925077,-8.832053,0.000000,100R,R_0603_1608Metric,60.9251,8.8321
R22,top,F12,50.173174,-111.672363,0.000000,100R,R_0603_1608Metric,50.1732,111.6724
R23,top,F2,58.642484,-10.789361,0.000000,100K,R_0603_1608Metric,58.6425,10.7894
R24,top,E1,47.287072,-6.166997,0.000000,12R,R_0805_2012Metric,47.2871,6.1670
R25,top,F15,55.800767,-143.477741,0.000000,10k,R_0603_1608Metric,55.8008,143.4777
R26,top,E13,42.020742,-124.123086,0.000000,10k,R_0603_1608Metric,42.0207,124.1231
R27,top,F12,57.599205,-111.200676,0.000000,10k,R_0603_1608Metric,57.5992,111.2007
R28,top,F12,54.011648,-111.621211,0.000000,10k,R_0603_1608Metric,54.0116,111.6212
R29,top,E12,49.004189,-113.655983,0.000000,10k,R_0603_1608Metric,49.0042,113.6560
R30,top,D15,35.205865,-143.002447,0.000000,5.1k,R_0603_1608Metric,35.2059,143.0024
R31,top,D15,35.670397,-145.367757,0.000000,5.1k,R_0603_1608Metric,35.6704,145.3678
R32,top,F14,50.858265,-139.732230,0.000000,0R,R_0603_1608Metric,50.8583,139.7322
R33,top,F14,55.803351,-139.232566,0.000000,22R,R_0603_1608Metric,55.8034,139.2326
R34,top,F14,59.399465,-139.280038,0.000000,22R,R_0603_1608Metric,59.3995,139.2800
R35,top,D14,36.000000,-136.250000,0.000000,0R,R_0603_1608Metric,36.0000,136.2500
R47,top,F4,59.103652,-31.838726,0.000000,22R 1%,R_0603_1608Metric,59.1037,31.8387
R48,top,F4,59.398347,-33.998098,0.000000,22R 1%,R_0603_1608Metric,59.3983,33.9981
R55,top,F3,55.974309,-21.518560,0.000000,100R 1%,R_0603_1608Metric,55.9743,21.5186
R56,top,F4,55.234814,-30.836116,0.000000,100R 1%,R_0603_1608Metric,55.2348,30.8361
R61,top,F15,57.750000,-146.000000,0.000000,100R 1%,R_0603_1608Metric,57.7500,146.0000
R62,top,E12,45.363976,-114.123889,0.000000,100R 1%,R_0603_1608Metric,45.3640,114.1239
R64,top,G5,60.500000,-46.000000,0.000000,100R 1%,R_0603_1608Metric,60.5000,46.0000
R66,top,F2,59.070000,-15.048849,0.000000,330R 1%,R_0603_1608Metric,59.0700,15.0488
R70,top,C10,29.600364,-92.301536,0.000000,33R 1%,R_0603_1608Metric,29.6004,92.3015
R71,top,D10,36.881890,-92.633155,0.000000,33R 1%,R_0603_1608Metric,36.8819,92.6332
R72,top,D10,33.264608,-90.633954,0.000000,33R 1%,R_0603_1608Metric,33.2646,90.6340
R73,top,C10,29.360000,-90.284232,0.000000,33R 1%,R_0603_1608Metric,29.3600,90.2842
R108,top,D12,39.750000,-117.000000,90.000000,10k,R_0603_1608Metric,39.7500,117.0000
R109,top,F12,52.604031,-113.910322,0.000000,0R FIT,R_0603_1608Metric,52.6040,113.9103
R110,top,E12,48.908956,-115.882411,0.000000,10k,R_0603_1608Metric,48.9090,115.8824
R111,top,G12,61.179437,-112.781624,0.000000,10k,R_0603_1608Metric,61.1794,112.7816
R113,top,C14,24.600000,-136.800000,0.000000,100k,R_0603_1608Metric,24.6000,136.8000
R120,top,G12,62.505517,-110.639554,0.000000,100k,R_0603_1608Metric,62.5055,110.6396
R121,top,D13,33.237849,-128.601599,0.000000,0R,R_0603_1608Metric,33.2378,128.6016
R122,top,D14,36.516718,-132.565071,0.000000,0R,R_0603_1608Metric,36.5167,132.5651
SW1,top,C15,28.300000,-142.000000,0.000000,BOOT,SW_SPST_PTS645Sx43SMTR92,28.3000,142.0000
SW2,top,G10,64.200000,-99.000000,0.000000,A_SELECT,SW_SPST_PTS645Sx43SMTR92,64.2000,99.0000
SW3,top,B11,13.500000,-107.500000,90.000000,UP,SW_SPST_PTS645Sx43SMTR92,13.5000,107.5000
SW4,top,B13,13.500000,-122.500000,90.000000,DOWN,SW_SPST_PTS645Sx43SMTR92,13.5000,122.5000
SW5,top,A12,6.000000,-115.000000,90.000000,LEFT,SW_SPST_PTS645Sx43SMTR92,6.0000,115.0000
SW6,top,C12,21.000000,-115.000000,90.000000,RIGHT,SW_SPST_PTS645Sx43SMTR92,21.0000,115.0000
SW7,top,F10,53.500000,-99.000000,0.000000,B_BACK,SW_SPST_PTS645Sx43SMTR92,53.5000,99.0000
SW9,top,H9,75.200000,-86.500000,90.000000,SW_SPDT,SW_SPDT_CK_JS102011SAQN,75.2000,86.5000
U1,top,F13,57.750000,-128.000000,-90.000000,ESP32-S3-WROOM-1,ESP32-S3-WROOM-1,57.7500,128.0000
U5,top,D12,31.000000,-116.000000,0.000000,MAX98357A,TQFN-16-1EP_3x3mm_P0.5mm_EP1.23x1.23mm,31.0000,116.0000
U6,top,G1,66.750000,-4.600000,0.000000,TSOP38238,Vishay_TSOP382xx_Minicast_3Pin_P2.54mm,66.7500,4.6000
U10,top,F15,51.400000,-142.700000,0.000000,USBLC6-2SC6,SOT-23-6,51.4000,142.7000
C4,bottom,F8,51.122820,-79.207791,0.000000,100nF,C_0603_1608Metric,51.1228,79.2078
C5,bottom,G8,61.950000,-75.150000,90.000000,100nF,C_0603_1608Metric,61.9500,75.1500
C6,bottom,F7,58.041915,-67.186743,0.000000,100nF,C_0603_1608Metric,58.0419,67.1867
C7,bottom,G8,61.200000,-70.000000,0.000000,100nF,C_0603_1608Metric,61.2000,70.0000
C16,bottom,C4,25.753920,-38.911811,0.000000,100nF,C_0603_1608Metric,25.7539,38.9118
C17,bottom,D4,31.700000,-39.100000,0.000000,100nF,C_0603_1608Metric,31.7000,39.1000
C18,bottom,C3,23.273385,-29.341214,0.000000,100nF,C_0402_1005Metric,23.2734,29.3412
C19,bottom,E4,42.600000,-38.900000,0.000000,100nF,C_0402_1005Metric,42.6000,38.9000
C23,bottom,G9,65.250000,-80.250000,0.000000,1uF 25V X7R,C_0603_1608Metric,65.2500,80.2500
C24,bottom,G11,62.500000,-103.250000,0.000000,10uF 25V X5R,C_0603_1608Metric,62.5000,103.2500
C25,bottom,G7,63.000000,-65.000000,0.000000,1uF 10V X7R,C_0603_1608Metric,63.0000,65.0000
C26,bottom,G11,61.750000,-105.500000,0.000000,10uF 10V X7R,C_1206_3216Metric,61.7500,105.5000
C27,bottom,G8,68.000000,-75.000000,0.000000,10uF 10V X7R,C_1206_3216Metric,68.0000,75.0000
C28,bottom,H11,70.100000,-101.400000,-90.000000,100nF X7R,C_0603_1608Metric,70.1000,101.4000
C29,bottom,B13,10.345000,-122.605000,0.000000,22uF 16V X7R,C_1206_3216Metric,10.3450,122.6050
C30,bottom,B13,15.335000,-122.605000,0.000000,22uF 16V X7R,C_1206_3216Metric,15.3350,122.6050
C31,bottom,G10,69.700000,-93.150000,90.000000,22uF 16V X7R,C_1206_3216Metric,69.7000,93.1500
C32,bottom,H10,72.400000,-92.600000,90.000000,22uF 16V X7R,C_1206_3216Metric,72.4000,92.6000
C33,bottom,C13,29.705000,-122.775000,0.000000,10uF 10V X7R,C_0805_2012Metric,29.7050,122.7750
C36,bottom,G8,63.750000,-75.100000,-90.000000,100nF X7R,C_0603_1608Metric,63.7500,75.1000
C37,bottom,F7,58.225000,-61.435000,0.000000,1uF 10V X7R,C_0603_1608Metric,58.2250,61.4350
C38,bottom,G4,61.375000,-31.095000,0.000000,1uF 10V X7R,C_0603_1608Metric,61.3750,31.0950
C39,bottom,G7,61.575000,-61.435000,0.000000,100nF X7R,C_0603_1608Metric,61.5750,61.4350
C43,bottom,A12,2.445000,-110.655000,0.000000,4.7uF 10V X5R,C_0805_2012Metric,2.4450,110.6550
C44,bottom,A12,2.445000,-113.005000,0.000000,1uF,C_0805_2012Metric,2.4450,113.0050
C45,bottom,D3,31.200000,-24.800000,0.000000,2.2uF,C_0805_2012Metric,31.2000,24.8000
C46,bottom,D4,31.200000,-35.200000,0.000000,10nF,C_0603_1608Metric,31.2000,35.2000
C47,bottom,D3,35.000000,-24.300000,0.000000,2.2uF,C_0805_2012Metric,35.0000,24.3000
C48,bottom,D4,35.000000,-35.200000,0.000000,10nF,C_0603_1608Metric,35.0000,35.2000
C49,bottom,D3,38.800000,-21.100000,0.000000,2.2uF,C_0805_2012Metric,38.8000,21.1000
C50,bottom,D4,38.800000,-38.900000,0.000000,10nF,C_0603_1608Metric,38.8000,38.9000
C51,bottom,D3,31.200000,-22.500000,0.000000,2.2uF,C_0805_2012Metric,31.2000,22.5000
C52,bottom,D4,31.200000,-37.500000,0.000000,1nF,C_0603_1608Metric,31.2000,37.5000
C53,bottom,D3,35.000000,-22.500000,0.000000,1uF,C_0603_1608Metric,35.0000,22.5000
C54,bottom,D4,35.000000,-37.500000,0.000000,10nF,C_0603_1608Metric,35.0000,37.5000
C55,bottom,E3,42.600000,-21.100000,0.000000,2.2uF,C_0603_1608Metric,42.6000,21.1000
C57,bottom,A6,8.500000,-56.500000,0.000000,4.7nF 50V X7R,C_0603_1608Metric,8.5000,56.5000
C58,bottom,B8,12.000000,-74.500000,0.000000,1uF 25V X7R,C_0603_1608Metric,12.0000,74.5000
C59,bottom,A5,8.000000,-41.500000,90.000000,1uF 25V X7R,C_0603_1608Metric,8.0000,41.5000
C60,bottom,A3,6.500000,-28.500000,90.000000,100nF X7R,C_0603_1608Metric,6.5000,28.5000
C61,bottom,B3,12.000000,-22.000000,0.000000,100nF X7R,C_0603_1608Metric,12.0000,22.0000
C62,bottom,D13,30.065000,-120.335000,0.000000,1uF 10V X7R,C_0603_1608Metric,30.0650,120.3350
C63,bottom,F6,51.525000,-59.585000,0.000000,1uF 10V X7R,C_0603_1608Metric,51.5250,59.5850
C64,bottom,A13,9.745000,-120.085000,0.000000,10uF 10V X7R,C_0805_2012Metric,9.7450,120.0850
C65,bottom,G5,61.285000,-40.475000,0.000000,22uF 10V X7R,C_0805_2012Metric,61.2850,40.4750
C66,bottom,F4,54.250000,-34.250000,0.000000,22uF 10V X7R,C_0805_2012Metric,54.2500,34.2500
C68,bottom,A9,2.125000,-86.735000,0.000000,100nF X7R,C_0603_1608Metric,2.1250,86.7350
C69,bottom,D3,39.300000,-25.700000,0.000000,100pF 50V C0G TUNE,C_0603_1608Metric,39.3000,25.7000
C70,bottom,D4,39.300000,-34.300000,0.000000,100pF 50V C0G TUNE,C_0603_1608Metric,39.3000,34.3000
C71,bottom,E3,42.700000,-27.800000,0.000000,300pF 50V C0G TUNE,C_0603_1608Metric,42.7000,27.8000
C72,bottom,E4,42.700000,-32.200000,0.000000,300pF 50V C0G TUNE,C_0603_1608Metric,42.7000,32.2000
C73,bottom,E3,42.700000,-25.700000,0.000000,1.5nF 50V C0G TUNE,C_0603_1608Metric,42.7000,25.7000
C74,bottom,E4,42.700000,-34.300000,0.000000,1.5nF 50V C0G TUNE,C_0603_1608Metric,42.7000,34.3000
C75,bottom,E3,49.500000,-27.800000,0.000000,27pF 50V C0G TUNE,C_0603_1608Metric,49.5000,27.8000
C76,bottom,E3,49.500000,-25.700000,0.000000,620pF 50V C0G TUNE,C_0603_1608Metric,49.5000,25.7000
C77,bottom,E4,49.500000,-32.200000,0.000000,27pF 50V C0G TUNE,C_0603_1608Metric,49.5000,32.2000
C78,bottom,E4,49.500000,-34.300000,0.000000,620pF 50V C0G TUNE,C_0603_1608Metric,49.5000,34.3000
C79,bottom,C4,28.600000,-32.900000,0.000000,10pF 50V C0G TUNE,C_0603_1608Metric,28.6000,32.9000
C80,bottom,C3,28.600000,-27.100000,0.000000,10pF 50V C0G TUNE,C_0603_1608Metric,28.6000,27.1000
C83,bottom,F4,51.788000,-37.000000,180.000000,10uF 10V X7R,C_0805_2012Metric,51.7880,37.0000
C84,bottom,F3,54.787000,-20.100000,90.000000,10uF 10V X7R,C_0805_2012Metric,54.7870,20.1000
C85,bottom,A12,9.500000,-115.200000,0.000000,1uF 10V X7R,C_0603_1608Metric,9.5000,115.2000
D8,bottom,A13,5.750000,-122.750000,0.000000,NSR0240,D_SOD-323,5.7500,122.7500
D9,bottom,B8,13.000000,-72.500000,0.000000,PMEG2010AEH,D_SOD-123F,13.0000,72.5000
D10,bottom,B4,12.000000,-30.000000,0.000000,BAT54WS,D_SOD-323,12.0000,30.0000
D11,bottom,B4,15.500000,-30.000000,0.000000,BAT54WS,D_SOD-323,15.5000,30.0000
D12,bottom,B2,12.000000,-17.000000,0.000000,BAT54WS,D_SOD-323,12.0000,17.0000
D14,bottom,A12,6.800000,-117.900000,-90.000000,BAT54WS,D_SOD-323,6.8000,117.9000
F1,bottom,A5,3.400000,-42.800000,0.000000,5A one-shot 1206,Fuse_1206_3216Metric,3.4000,42.8000
J7,bottom,F4,54.000000,-30.000000,0.000000,BM02B-ACHSS-GAN-ETF,JST_ACH_BM02B-ACHSS-GAN-ETF_1x02-1MP_P1.20mm_Vertical,54.0000,30.0000
L1,bottom,H10,74.100000,-97.600000,90.000000,1.5uH,Coilcraft_XFL4020,74.1000,97.6000
L3,bottom,A12,3.000000,-118.900000,0.000000,4.7uH,Coilcraft_XFL4020,3.0000,118.9000
L4,bottom,F4,58.900000,-36.200000,0.000000,1uH,Wurth_WE-MAPI_4030_74438357010,58.9000,36.2000
L5,bottom,D3,39.300000,-27.800000,0.000000,39nH TUNE,L_0603_1608Metric,39.3000,27.8000
L6,bottom,D4,39.300000,-32.200000,0.000000,39nH TUNE,L_0603_1608Metric,39.3000,32.2000
MK1,bottom,A10,4.000000,-98.000000,0.000000,DMM-4026-B-I2S,PUI_DMM-4026-B-I2S_4.0x3.0mm,4.0000,98.0000
Q2,bottom,A5,3.800000,-49.000000,90.000000,AO4800,SOIC-8_3.9x4.9mm_P1.27mm,3.8000,49.0000
Q3,bottom,A6,3.800000,-56.800000,90.000000,AO4800,SOIC-8_3.9x4.9mm_P1.27mm,3.8000,56.8000
Q4,bottom,A10,2.575000,-93.255000,0.000000,BSS138,SOT-23,2.5750,93.2550
Q5,bottom,A3,2.575000,-24.465000,0.000000,AO3401A,SOT-23,2.5750,24.4650
Q6,bottom,A3,2.575000,-20.675000,0.000000,BSS138,SOT-23,2.5750,20.6750
Q7,bottom,A2,2.575000,-16.885000,0.000000,BSS138,SOT-23,2.5750,16.8850
Q8,bottom,A2,2.575000,-13.095000,0.000000,BSS138,SOT-23,2.5750,13.0950
Q9,bottom,A1,2.575000,-9.305000,0.000000,BSS138,SOT-23,2.5750,9.3050
Q11,bottom,B12,10.300000,-112.500000,0.000000,SQ2364EES-T1_BE3,SOT-23,10.3000,112.5000
R4,bottom,F9,51.250000,-83.000000,0.000000,10k,R_0603_1608Metric,51.2500,83.0000
R5,bottom,E10,47.999820,-92.300208,0.000000,10k,R_0603_1608Metric,47.9998,92.3002
R6,bottom,F9,51.122820,-89.207791,0.000000,10k,R_0603_1608Metric,51.1228,89.2078
R7,bottom,F9,51.250000,-81.000000,0.000000,10k,R_0603_1608Metric,51.2500,81.0000
R8,bottom,F9,51.210594,-84.830964,0.000000,10k,R_0603_1608Metric,51.2106,84.8310
R9,bottom,F10,51.210594,-91.169035,0.000000,10k,R_0603_1608Metric,51.2106,91.1690
R13,bottom,D14,37.000000,-132.750000,0.000000,100k,R_0603_1608Metric,37.0000,132.7500
R14,bottom,G2,61.375000,-14.095000,0.000000,100k,R_0603_1608Metric,61.3750,14.0950
R17,bottom,F6,54.875000,-59.585000,0.000000,100k,R_0603_1608Metric,54.8750,59.5850
R36,bottom,H8,73.500000,-75.000000,0.000000,13k 1%,R_0603_1608Metric,73.5000,75.0000
R37,bottom,G8,63.750000,-77.500000,0.000000,390R 1%,R_0603_1608Metric,63.7500,77.5000
R38,bottom,A9,9.525000,-85.985000,0.000000,10k 1%,R_0603_1608Metric,9.5250,85.9850
R39,bottom,G10,67.400000,-93.900000,90.000000,1M 0.1%,R_0603_1608Metric,67.4000,93.9000
R40,bottom,G9,68.400000,-89.200000,90.000000,189K 0.1%,R_0603_1608Metric,68.4000,89.2000
R41,bottom,H11,73.000000,-102.600000,180.000000,1M,R_0603_1608Metric,73.0000,102.6000
R43,bottom,H11,73.000000,-100.900000,0.000000,100K,R_0603_1608Metric,73.0000,100.9000
R46,bottom,F6,58.225000,-59.585000,0.000000,10k 1%,R_0603_1608Metric,58.2250,59.5850
R49,bottom,G6,61.575000,-59.585000,0.000000,1.5k 1%,R_0603_1608Metric,61.5750,59.5850
R50,bottom,E6,49.500000,-57.735000,0.000000,1.5k 1%,R_0603_1608Metric,49.5000,57.7350
R63,bottom,F6,54.875000,-57.735000,0.000000,10k 1%,R_0603_1608Metric,54.8750,57.7350
R69,bottom,A11,2.225000,-108.555000,0.000000,1.87R 1%,R_0603_1608Metric,2.2250,108.5550
R74,bottom,E14,40.500000,-132.750000,0.000000,100k,R_0603_1608Metric,40.5000,132.7500
R75,bottom,A7,2.800000,-65.000000,-90.000000,10mR 1% 3W,R_2512_6332Metric,2.8000,65.0000
R76,bottom,A6,7.500000,-59.000000,90.000000,22k,R_0603_1608Metric,7.5000,59.0000
R77,bottom,B7,12.500000,-63.500000,0.000000,3.65M 1%,R_0603_1608Metric,12.5000,63.5000
R78,bottom,B7,12.500000,-60.500000,0.000000,442k 1%,R_0603_1608Metric,12.5000,60.5000
R79,bottom,B7,16.000000,-63.500000,0.000000,510k,R_0603_1608Metric,16.0000,63.5000
R80,bottom,A8,5.500000,-70.500000,90.000000,1M,R_0603_1608Metric,5.5000,70.5000
R81,bottom,A8,5.000000,-73.000000,0.000000,100k,R_0603_1608Metric,5.0000,73.0000
R82,bottom,A8,7.500000,-73.000000,90.000000,1M,R_0603_1608Metric,7.5000,73.0000
R83,bottom,A8,5.000000,-75.500000,0.000000,10k,R_0603_1608Metric,5.0000,75.5000
R84,bottom,B3,12.000000,-28.000000,180.000000,100R,R_0603_1608Metric,12.0000,28.0000
R85,bottom,A3,8.825000,-28.725000,0.000000,2.2M 1%,R_0603_1608Metric,8.8250,28.7250
R86,bottom,A3,8.825000,-26.875000,0.000000,2.2M 1%,R_0603_1608Metric,8.8250,26.8750
R87,bottom,A3,8.825000,-25.025000,0.000000,2.2M 1%,R_0603_1608Metric,8.8250,25.0250
R88,bottom,A3,8.825000,-23.175000,0.000000,2.2M 1%,R_0603_1608Metric,8.8250,23.1750
R89,bottom,A3,8.825000,-21.325000,0.000000,2.2M 1%,R_0603_1608Metric,8.8250,21.3250
R90,bottom,A2,8.825000,-19.475000,0.000000,2.2M 1%,R_0603_1608Metric,8.8250,19.4750
R91,bottom,A2,8.825000,-17.625000,0.000000,3.65M 1%,R_0603_1608Metric,8.8250,17.6250
R92,bottom,A2,8.825000,-15.775000,0.000000,1.30M 1%,R_0603_1608Metric,8.8250,15.7750
R94,bottom,A2,8.825000,-12.075000,0.000000,1M,R_0603_1608Metric,8.8250,12.0750
R95,bottom,A1,9.625000,-9.825000,0.000000,560R 1% 1206,R_1206_3216Metric,9.6250,9.8250
R96,bottom,A1,8.825000,-7.575000,0.000000,1M,R_0603_1608Metric,8.8250,7.5750
R97,bottom,F7,51.525000,-61.435000,0.000000,1.87k 1%,R_0603_1608Metric,51.5250,61.4350
R98,bottom,F7,54.875000,-61.435000,0.000000,100k,R_0603_1608Metric,54.8750,61.4350
R99,bottom,F5,58.800000,-44.300000,180.000000,732k 1%,R_0603_1608Metric,58.8000,44.3000
R100,bottom,F5,58.800000,-42.500000,0.000000,100k 1%,R_0603_1608Metric,58.8000,42.5000
R101,bottom,C6,25.107189,-57.258894,0.000000,2.43k 1%,R_0603_1608Metric,25.1072,57.2589
R102,bottom,G6,61.575000,-57.735000,0.000000,100k,R_0603_1608Metric,61.5750,57.7350
R103,bottom,F6,51.525000,-55.885000,0.000000,100k,R_0603_1608Metric,51.5250,55.8850
R104,bottom,A10,2.125000,-90.435000,0.000000,150k 1%,R_0603_1608Metric,2.1250,90.4350
R105,bottom,A9,2.125000,-88.585000,0.000000,220k 1%,R_0603_1608Metric,2.1250,88.5850
R106,bottom,C13,23.365000,-120.335000,0.000000,0R FIT,R_0603_1608Metric,23.3650,120.3350
R114,bottom,E3,46.100000,-27.800000,0.000000,1R1 1% TUNE,R_0603_1608Metric,46.1000,27.8000
R115,bottom,E4,46.100000,-32.200000,0.000000,1R1 1% TUNE,R_0603_1608Metric,46.1000,32.2000
R116,bottom,E3,46.100000,-25.700000,0.000000,1k TUNE,R_0603_1608Metric,46.1000,25.7000
R117,bottom,E4,46.100000,-34.300000,0.000000,1k TUNE,R_0603_1608Metric,46.1000,34.3000
R118,bottom,F8,52.750000,-70.250000,0.000000,0R,R_0603_1608Metric,52.7500,70.2500
R124,bottom,F10,51.122820,-96.792208,0.000000,1k,R_0603_1608Metric,51.1228,96.7922
R125,bottom,F10,51.122820,-99.207791,0.000000,680R,R_0603_1608Metric,51.1228,99.2078
R126,bottom,F11,56.250000,-103.250000,0.000000,390R,R_0603_1608Metric,56.2500,103.2500
R127,bottom,G11,62.250000,-107.750000,0.000000,10k,R_0603_1608Metric,62.2500,107.7500
R128,bottom,E11,48.293772,-104.529969,0.000000,10k,R_0603_1608Metric,48.2938,104.5300
R129,bottom,F6,58.225000,-57.735000,0.000000,100k,R_0603_1608Metric,58.2250,57.7350
R131,bottom,F11,57.500000,-105.250000,0.000000,100k,R_0603_1608Metric,57.5000,105.2500
R132,bottom,A12,7.000000,-114.500000,90.000000,220k 1%,R_0603_1608Metric,7.0000,114.5000
U2,bottom,F9,57.000000,-88.000000,0.000000,PCAL9535APW,TSSOP-24_4.4x7.8mm_P0.65mm,57.0000,88.0000
U3,bottom,F8,57.000000,-78.000000,0.000000,PCAL9535APW,TSSOP-24_4.4x7.8mm_P0.65mm,57.0000,78.0000
U4,bottom,F8,57.500000,-70.000000,-90.000000,BMI270,Bosch_LGA-14_2.5x3.0mm_P0.5mm_BMI270,57.5000,70.0000
U7,bottom,C14,27.000000,-136.000000,0.000000,E07-400M10S,Ebyte_E07-400M10S,27.0000,136.0000
U8,bottom,B14,10.000000,-136.000000,0.000000,E22-900M22S,Ebyte_E22-900M22S,10.0000,136.0000
U9,bottom,D4,34.000000,-30.000000,0.000000,ST25R3916-AQET,ST25R3916_AQET,34.0000,30.0000
U11,bottom,G8,67.500000,-77.800000,0.000000,BQ25185,Texas_DLH0010A_WSON-10-1EP_2.2x2mm_P0.4mm_EP0.9x1.5mm,67.5000,77.8000
U12,bottom,G10,69.600000,-97.600000,0.000000,TPS63020,TI_TPS63020_DSJ,69.6000,97.6000
U14,bottom,A9,2.235000,-82.515000,0.000000,MAX17048,MAX17048_T822,2.2350,82.5150
U16,bottom,F6,59.250000,-54.750000,0.000000,TCA4307DGKR,VSSOP-8_3x3mm_P0.65mm,59.2500,54.7500
U17,bottom,A13,2.200000,-122.600000,0.000000,TPS61169DCKR,SOT-353_SC-70-5,2.2000,122.6000
U18,bottom,A7,8.000000,-66.500000,180.000000,LTC4368-1,MSOP-10_3x3mm_P0.5mm,8.0000,66.5000
U19,bottom,A3,2.695000,-28.255000,0.000000,TLV7032,SOT-23-8,2.6950,28.2550
U20,bottom,F7,52.250000,-64.750000,180.000000,TPS22950-Q1,SOT-23-6,52.2500,64.7500
U21,bottom,F4,57.800000,-39.900000,0.000000,TPS61023,SOT-563,57.8000,39.9000
U22,bottom,F5,55.000000,-43.000000,0.000000,TPS22950-Q1,SOT-23-6,55.0000,43.0000
Y1,bottom,C4,28.300000,-30.000000,180.000000,27.12MHz 10pF 3225-4P,Crystal_SMD_3225-4Pin_3.2x2.5mm,28.3000,30.0000
