#GRM188R61E106KA73#,,
#2026/08/21,,
#c_acvoltage_capacitance,,
#capacitance  DC0V  25.0degC,,
AC Voltage[Vrms],Capacitance[F],
0.01,6.819783973903086E-6,
0.02,6.936818398872269E-6,
0.03,7.048929575229429E-6,
0.04,7.15630357234584E-6,
0.05,7.259121191406699E-6,
0.060000000000000005,7.357558061417107E-6,
0.06999999999999999,7.451784734366512E-6,
0.08,7.541966779551551E-6,
0.09,7.628264877057314E-6,
0.09999999999999999,7.710834910397046E-6,
0.11,7.789828058310252E-6,
0.12,7.86539088571924E-6,
0.13,7.93766543384408E-6,
0.14,8.006789309475982E-6,
0.15000000000000002,8.072895773409103E-6,
0.16,8.13611382803077E-6,
0.17,8.196568304070135E-6,
0.18000000000000002,8.254379946505233E-6,
0.19,8.30966549962849E-6,
0.2,8.36253779127063E-6,
0.21000000000000002,8.413105816183014E-6,
0.22,8.461474818578397E-6,
0.23,8.507746373830121E-6,
0.24000000000000002,8.552018469329702E-6,
0.25,8.594385584502879E-6,
0.26,8.63493876998404E-6,
0.27,8.673765725949119E-6,
0.28,8.710950879606861E-6,
0.29000000000000004,8.746575461848569E-6,
0.3,8.780717583056214E-6,
0.31,8.813452308069015E-6,
0.32,8.844851730308417E-6,
0.33,8.8749850450615E-6,
0.34,8.903918621922793E-6,
0.35000000000000003,8.931716076394545E-6,
0.36000000000000004,8.958438340645375E-6,
0.37,8.984143733427393E-6,
0.38,9.00888802915169E-6,
0.39,9.0327245261223E-6,
0.4,9.055704113928545E-6,
0.41000000000000003,9.077875339995832E-6,
0.42000000000000004,9.09928447529485E-6,
0.43,9.119975579209204E-6,
0.44,9.13999056356147E-6,
0.45,9.159369255797656E-6,
0.46,9.178149461330107E-6,
0.47000000000000003,9.196367025038828E-6,
0.48000000000000004,9.214055891931205E-6,
0.49,9.231248166960194E-6,
0.5,9.247974174000883E-6,
0.51,9.264262513985516E-6,
0.52,9.280140122196907E-6,
0.53,9.295632324720313E-6,
0.54,9.310762894053688E-6,
0.55,9.325554103876385E-6,
0.56,9.340026782976284E-6,
0.5700000000000001,9.354200368335329E-6,
0.5800000000000001,9.368092957373482E-6,
0.59,9.381721359351124E-6,
0.6,9.395101145929852E-6,
0.61,9.408246700891713E-6,
0.62,9.421171269016866E-6,
0.63,9.433887004119639E-6,
0.64,9.446405016243041E-6,
0.65,9.458735418011675E-6,
0.66,9.470887370143092E-6,
0.67,9.482869126117533E-6,
0.68,9.494688076006134E-6,
0.6900000000000001,9.50635078945754E-6,
0.7000000000000001,9.517863057842914E-6,
0.7100000000000001,9.529229935559408E-6,
0.72,9.540455780492036E-6,
0.73,9.551544293633978E-6,
0.74,9.56249855786528E-6,
0.75,9.573321075890025E-6,
0.76,9.584013807331875E-6,
0.77,9.594578204988076E-6,
0.78,9.605015250241855E-6,
0.79,9.615325487633267E-6,
0.8,9.62550905858843E-6,
0.81,9.635565734307218E-6,
0.8200000000000001,9.645494947809363E-6,
0.8300000000000001,9.655295825138955E-6,
0.8400000000000001,9.664967215727409E-6,
0.85,9.674507721914827E-6,
0.86,9.683915727629772E-6,
0.87,9.693189426227493E-6,
0.88,9.702326847486559E-6,
0.89,9.711325883763907E-6,
0.9,9.720184315308323E-6,
0.91,9.728899834732345E-6,
0.92,9.737470070642579E-6,
0.93,9.745892610428455E-6,
0.9400000000000001,9.754165022209382E-6,
0.9500000000000001,9.762284875940343E-6,
0.9600000000000001,9.77024976367591E-6,
0.97,9.778057318992677E-6,
0.98,9.785705235570112E-6,
0.99,9.793191284929834E-6,
1.0,9.80051333333333E-6,
1.01,9.807669357838058E-6,
1.02,9.814657461512007E-6,
1.03,9.821475887806663E-6,
1.04,9.828123034088387E-6,
1.05,9.834597464328246E-6,
1.06,9.840897920950244E-6,
1.07,9.847023335837962E-6,
1.08,9.852972840499667E-6,
1.09,9.858745775391789E-6,
1.1,9.864341698400852E-6,
1.11,9.869760392483833E-6,
1.12,9.875001872466913E-6,
1.1300000000000001,9.880066391002683E-6,
1.1400000000000001,9.884954443685753E-6,
1.1500000000000001,9.889666773326778E-6,
1.1600000000000001,9.894204373384937E-6,
1.17,9.89856849055879E-6,
1.18,9.9027606265356E-6,
1.19,9.906782538899055E-6,
1.2,9.910636241195401E-6,
1.21,9.914324002158033E-6,
1.22,9.917848344090472E-6,
1.23,9.921212040407785E-6,
1.24,9.924418112336429E-6,
1.25,9.927469824772487E-6,
1.26,9.930370681298385E-6,
1.27,9.933124418357962E-6,
1.28,9.93573499859002E-6,
1.29,9.938206603320254E-6,
1.3,9.940543624211647E-6,
1.31,9.942750654073235E-6,
1.32,9.944832476827337E-6,
1.33,9.946794056635206E-6,
1.34,9.948640526181056E-6,
1.35,9.95037717411457E-6,
1.36,9.952009431651814E-6,
1.37,9.95354285833452E-6,
1.3800000000000001,9.95498312694789E-6,
1.3900000000000001,9.956336007596732E-6,
1.4000000000000001,9.957607350940055E-6,
1.4100000000000001,9.958803070584108E-6,
1.42,9.959929124633802E-6,
1.43,9.960991496402568E-6,
1.44,9.961996174280654E-6,
1.45,9.962949130761817E-6,
1.46,9.963856300628465E-6,
1.47,9.964723558295192E-6,
1.48,9.96555669431076E-6,
1.49,9.966361391018501E-6,
1.5,9.967143197375117E-6,
1.51,9.967907502927929E-6,
1.52,9.968659510950538E-6,
1.53,9.969404210736916E-6,
1.54,9.970146349053903E-6,
1.55,9.970890400752137E-6,
1.56,9.971640538535412E-6,
1.57,9.97240060188844E-6,
1.58,9.973174065163065E-6,
1.59,9.973964004822863E-6,
1.6,9.974773065846189E-6,
1.61,9.975603427287649E-6,
1.62,9.976456766997963E-6,
1.6300000000000001,9.977334225502303E-6,
1.6400000000000001,9.978236369036994E-6,
1.6500000000000001,9.979163151744685E-6,
1.6600000000000001,9.98011387702792E-6,
1.6700000000000002,9.981087158061121E-6,
1.68,9.98208087746103E-6,
1.69,9.983092146115529E-6,
1.7,9.984117261170918E-6,
1.71,9.9851516631776E-6,
1.72,9.986189892394182E-6,
1.73,9.987225544250005E-6,
1.74,9.988251223966113E-6,
1.75,9.989258500334606E-6,
1.76,9.99023785865646E-6,
1.77,9.991178652837723E-6,
1.78,9.992069056644184E-6,
1.79,9.992896014114411E-6,
1.8,9.993645189131263E-6,
1.81,9.99430091415178E-6,
1.82,9.994846138095524E-6,
1.83,9.995262373391332E-6,
1.84,9.995529642182488E-6,
1.85,9.995626421690332E-6,
1.86,9.995529588736266E-6,
1.87,9.995214363422209E-6,
1.8800000000000001,9.994654251969458E-6,
1.8900000000000001,9.99382098871598E-6,
1.9000000000000001,9.992684477272115E-6,
1.9100000000000001,9.991212730834716E-6,
1.9200000000000002,9.989371811659695E-6,
1.93,9.987125769693011E-6,
1.94,9.984436580360064E-6,
1.95,9.981264081513511E-6,
1.96,9.977565909539527E-6,
1.97,9.973297434622448E-6,
1.98,9.968411695167881E-6,
1.99,9.96285933138421E-6,
2.0,9.956588518022517E-6,
