layer,gerber_file,net,gerber_x_mm,gerber_y_mm,board_x_mm,board_y_mm,classification
L1 Top,aqroot-Beta-v2-F_Cu.gbr,+3V3,36.128,-114.25,36.128,114.25,"SAME NET - intended copper, not a short"
L1 Top,aqroot-Beta-v2-F_Cu.gbr,GND,32.405,-95.503,32.405,95.503,"SAME NET - intended copper, not a short"
L1 Top,aqroot-Beta-v2-F_Cu.gbr,GND,49.417,-116.995,49.417,116.995,"SAME NET - intended copper, not a short"
L1 Top,aqroot-Beta-v2-F_Cu.gbr,GND,30.156,-96.25,30.156,96.25,"SAME NET - intended copper, not a short"
L1 Top,aqroot-Beta-v2-F_Cu.gbr,/09_COMMUNITY_HEADER/EXT_SCL,62.293,-22.368,62.293,22.368,"SAME NET - intended copper, not a short"
L1 Top,aqroot-Beta-v2-F_Cu.gbr,/SD_CARD_DETECT_N,54.941,-82.309,54.941,82.309,"SAME NET - intended copper, not a short"
L1 Top,aqroot-Beta-v2-F_Cu.gbr,/I2C_SDA_INT,22.813,-97.309,22.813,97.309,"SAME NET - intended copper, not a short"
L1 Top,aqroot-Beta-v2-F_Cu.gbr,/I2C_SDA_INT,22.639,-97.488,22.639,97.488,"SAME NET - intended copper, not a short"
L1 Top,aqroot-Beta-v2-F_Cu.gbr,/I2C_SDA_INT,22.925,-96.682,22.925,96.682,"SAME NET - intended copper, not a short"
L1 Top,aqroot-Beta-v2-F_Cu.gbr,/I2C_SDA_INT,22.755,-97.425,22.755,97.425,"SAME NET - intended copper, not a short"
L1 Top,aqroot-Beta-v2-F_Cu.gbr,/I2C_SDA_INT,22.925,-96.701,22.925,96.701,"SAME NET - intended copper, not a short"
L1 Top,aqroot-Beta-v2-F_Cu.gbr,/WAKE_INT_N,47.121,-131.955,47.121,131.955,"SAME NET - intended copper, not a short"
L1 Top,aqroot-Beta-v2-F_Cu.gbr,/WAKE_INT_N,47.197,-131.971,47.197,131.971,"SAME NET - intended copper, not a short"
L1 Top,aqroot-Beta-v2-F_Cu.gbr,/WAKE_INT_N,46.863,-131.654,46.863,131.654,"SAME NET - intended copper, not a short"
L1 Top,aqroot-Beta-v2-F_Cu.gbr,/NFC_CS_N,49.56,-113.3,49.56,113.3,"SAME NET - intended copper, not a short"
L1 Top,aqroot-Beta-v2-F_Cu.gbr,/SD_CS_N,44.791,-133.709,44.791,133.709,"SAME NET - intended copper, not a short"
L1 Top,aqroot-Beta-v2-F_Cu.gbr,/02_MCU_CORE/GPIO45_VDDSPI_STRAP,59.496,-112.754,59.496,112.754,"SAME NET - intended copper, not a short"
L1 Top,aqroot-Beta-v2-F_Cu.gbr,/I2C_SCL_INT,55.318,-130.089,55.318,130.089,"SAME NET - intended copper, not a short"
L1 Top,aqroot-Beta-v2-F_Cu.gbr,/I2C_SCL_INT,50.5,-58.432,50.5,58.432,"SAME NET - intended copper, not a short"
L1 Top,aqroot-Beta-v2-F_Cu.gbr,/I2C_SCL_INT,23.622,-94.691,23.622,94.691,"SAME NET - intended copper, not a short"
L1 Top,aqroot-Beta-v2-F_Cu.gbr,/I2C_SCL_INT,24.365,-93.911,24.365,93.911,"SAME NET - intended copper, not a short"
L1 Top,aqroot-Beta-v2-F_Cu.gbr,/01_POWER_TREE/USB_D_CONN_P,43.417,-147.228,43.417,147.228,"SAME NET - intended copper, not a short"
L1 Top,aqroot-Beta-v2-F_Cu.gbr,/01_POWER_TREE/USB_D_CONN_P,43.495,-147.3,43.495,147.3,"SAME NET - intended copper, not a short"
L1 Top,aqroot-Beta-v2-F_Cu.gbr,/01_POWER_TREE/USB_D_CONN_P,43.353,-147.17,43.353,147.17,"SAME NET - intended copper, not a short"
L1 Top,aqroot-Beta-v2-F_Cu.gbr,/01_POWER_TREE/USB_D_CONN_N,43.171,-145.267,43.171,145.267,"SAME NET - intended copper, not a short"
L1 Top,aqroot-Beta-v2-F_Cu.gbr,/08_BUTTONS_EXPANDERS/BTN_DOWN_N,54.164,-95.562,54.164,95.562,"SAME NET - intended copper, not a short"
L1 Top,aqroot-Beta-v2-F_Cu.gbr,/08_BUTTONS_EXPANDERS/BTN_DOWN_N,56.669,-90.389,56.669,90.389,"SAME NET - intended copper, not a short"
L1 Top,aqroot-Beta-v2-F_Cu.gbr,/04_SPI_B_RADIOS_NFC/NFC_VDD_D,29.314,-33.928,29.314,33.928,"SAME NET - intended copper, not a short"
L1 Top,aqroot-Beta-v2-F_Cu.gbr,/04_SPI_B_RADIOS_NFC/NFC_VDD_RF,33.1,-26.2,33.1,26.2,"SAME NET - intended copper, not a short"
L1 Top,aqroot-Beta-v2-F_Cu.gbr,/01_POWER_TREE/BAT_PROTECTED_P,2.8,-67.95,2.8,67.95,"SAME NET - intended copper, not a short"
L1 Top,aqroot-Beta-v2-F_Cu.gbr,/01_POWER_TREE/BAT_PROTECTED_P,3.45,-69.4,3.45,69.4,"SAME NET - intended copper, not a short"
L1 Top,aqroot-Beta-v2-F_Cu.gbr,/01_POWER_TREE/BAT_PROTECTED_P,63.729,-73.404,63.729,73.404,"SAME NET - intended copper, not a short"
L3,aqroot-Beta-v2-In2_Cu.gbr,/I2C_SDA_INT,50.048,-109.535,50.048,109.535,"SAME NET - intended copper, not a short"
L3,aqroot-Beta-v2-In2_Cu.gbr,/SPI_A_SCK,42.98,-127.07,42.98,127.07,"SAME NET - intended copper, not a short"
L3,aqroot-Beta-v2-In2_Cu.gbr,/I2C_SCL_INT,47.527,-121.927,47.527,121.927,"SAME NET - intended copper, not a short"
L3,aqroot-Beta-v2-In2_Cu.gbr,/I2C_SCL_INT,62.324,-66.683,62.324,66.683,"SAME NET - intended copper, not a short"
L3,aqroot-Beta-v2-In2_Cu.gbr,/I2C_SCL_INT,61.58,-65.533,61.58,65.533,"SAME NET - intended copper, not a short"
L3,aqroot-Beta-v2-In2_Cu.gbr,/I2C_SCL_INT,61.016,-65.0,61.016,65.0,"SAME NET - intended copper, not a short"
L3,aqroot-Beta-v2-In2_Cu.gbr,/I2C_SCL_INT,46.192,-114.179,46.192,114.179,"SAME NET - intended copper, not a short"
L3,aqroot-Beta-v2-In2_Cu.gbr,/I2C_SCL_INT,59.261,-70.031,59.261,70.031,"SAME NET - intended copper, not a short"
L3,aqroot-Beta-v2-In2_Cu.gbr,/I2C_SCL_INT,42.843,-110.142,42.843,110.142,"SAME NET - intended copper, not a short"
L3,aqroot-Beta-v2-In2_Cu.gbr,/01_POWER_TREE/USB_VBUS_CHG,32.86,-136.088,32.86,136.088,"SAME NET - intended copper, not a short"
L3,aqroot-Beta-v2-In2_Cu.gbr,/01_POWER_TREE/USB_VBUS_CHG,7.902,-17.248,7.902,17.248,"SAME NET - intended copper, not a short"
L3,aqroot-Beta-v2-In2_Cu.gbr,/01_POWER_TREE/USB_VBUS_CHG,1.971,-91.935,1.971,91.935,"SAME NET - intended copper, not a short"
L3,aqroot-Beta-v2-In2_Cu.gbr,/04_SPI_B_RADIOS_NFC/NFC_VDD_A,31.0,-28.225,31.0,28.225,"SAME NET - intended copper, not a short"
L3,aqroot-Beta-v2-In2_Cu.gbr,/ACC_PWR_EN,53.754,-59.254,53.754,59.254,"SAME NET - intended copper, not a short"
L3,aqroot-Beta-v2-In2_Cu.gbr,/ACC_PWR_EN,52.548,-57.212,52.548,57.212,"SAME NET - intended copper, not a short"
L4,aqroot-Beta-v2-In3_Cu.gbr,/02_MCU_CORE/DISP_BL_CTL_STRAP,42.764,-117.464,42.764,117.464,"SAME NET - intended copper, not a short"
L6 Bottom,aqroot-Beta-v2-B_Cu.gbr,+3V3,57.438,-68.838,57.438,68.838,"SAME NET - intended copper, not a short"
L6 Bottom,aqroot-Beta-v2-B_Cu.gbr,GND,62.835,-40.1,62.835,40.1,"SAME NET - intended copper, not a short"
L6 Bottom,aqroot-Beta-v2-B_Cu.gbr,GND,35.824,-30.0,35.824,30.0,"SAME NET - intended copper, not a short"
L6 Bottom,aqroot-Beta-v2-B_Cu.gbr,GND,54.132,-90.832,54.132,90.832,"SAME NET - intended copper, not a short"
L6 Bottom,aqroot-Beta-v2-B_Cu.gbr,GND,33.708,-135.108,33.708,135.108,"SAME NET - intended copper, not a short"
L6 Bottom,aqroot-Beta-v2-B_Cu.gbr,GND,63.485,-76.137,63.485,76.137,"SAME NET - intended copper, not a short"
L6 Bottom,aqroot-Beta-v2-B_Cu.gbr,GND,62.173,-40.797,62.173,40.797,"SAME NET - intended copper, not a short"
L6 Bottom,aqroot-Beta-v2-B_Cu.gbr,GND,35.631,-29.787,35.631,29.787,"SAME NET - intended copper, not a short"
L6 Bottom,aqroot-Beta-v2-B_Cu.gbr,GND,61.7,-69.716,61.7,69.716,"SAME NET - intended copper, not a short"
L6 Bottom,aqroot-Beta-v2-B_Cu.gbr,GND,61.95,-74.35,61.95,74.35,"SAME NET - intended copper, not a short"
L6 Bottom,aqroot-Beta-v2-B_Cu.gbr,/ACC_3V3_SW,61.068,-61.7,61.068,61.7,"SAME NET - intended copper, not a short"
L6 Bottom,aqroot-Beta-v2-B_Cu.gbr,/I2C_SDA_INT,61.75,-81.65,61.75,81.65,"SAME NET - intended copper, not a short"
L6 Bottom,aqroot-Beta-v2-B_Cu.gbr,/I2C_SDA_INT,61.62,-81.78,61.62,81.78,"SAME NET - intended copper, not a short"
L6 Bottom,aqroot-Beta-v2-B_Cu.gbr,/I2C_SDA_INT,61.388,-81.625,61.388,81.625,"SAME NET - intended copper, not a short"
L6 Bottom,aqroot-Beta-v2-B_Cu.gbr,/SPI_B_MOSI,22.843,-136.243,22.843,136.243,"SAME NET - intended copper, not a short"
L6 Bottom,aqroot-Beta-v2-B_Cu.gbr,/SPI_B_MOSI,23.225,-135.975,23.225,135.975,"SAME NET - intended copper, not a short"
L6 Bottom,aqroot-Beta-v2-B_Cu.gbr,/SPI_B_MOSI,25.17,-134.03,25.17,134.03,"SAME NET - intended copper, not a short"
L6 Bottom,aqroot-Beta-v2-B_Cu.gbr,/SPI_B_MOSI,22.843,-136.243,22.843,136.243,"SAME NET - intended copper, not a short"
L6 Bottom,aqroot-Beta-v2-B_Cu.gbr,/NFC_CS_N,41.196,-114.139,41.196,114.139,"SAME NET - intended copper, not a short"
L6 Bottom,aqroot-Beta-v2-B_Cu.gbr,/I2S_MIC_DIN,61.514,-113.548,61.514,113.548,"SAME NET - intended copper, not a short"
L6 Bottom,aqroot-Beta-v2-B_Cu.gbr,/I2C_SCL_INT,28.548,-96.631,28.548,96.631,"SAME NET - intended copper, not a short"
L6 Bottom,aqroot-Beta-v2-B_Cu.gbr,/I2C_SCL_INT,31.258,-99.147,31.258,99.147,"SAME NET - intended copper, not a short"
L6 Bottom,aqroot-Beta-v2-B_Cu.gbr,/I2C_SCL_INT,32.511,-100.289,32.511,100.289,"SAME NET - intended copper, not a short"
L6 Bottom,aqroot-Beta-v2-B_Cu.gbr,/I2C_SCL_INT,27.745,-96.473,27.745,96.473,"SAME NET - intended copper, not a short"
L6 Bottom,aqroot-Beta-v2-B_Cu.gbr,/I2C_SCL_INT,27.572,-96.334,27.572,96.334,"SAME NET - intended copper, not a short"
L6 Bottom,aqroot-Beta-v2-B_Cu.gbr,/I2C_SCL_INT,26.695,-95.629,26.695,95.629,"SAME NET - intended copper, not a short"
L6 Bottom,aqroot-Beta-v2-B_Cu.gbr,/I2C_SCL_INT,27.391,-96.317,27.391,96.317,"SAME NET - intended copper, not a short"
L6 Bottom,aqroot-Beta-v2-B_Cu.gbr,/I2C_SCL_INT,31.366,-99.18,31.366,99.18,"SAME NET - intended copper, not a short"
L6 Bottom,aqroot-Beta-v2-B_Cu.gbr,/I2C_SCL_INT,59.16,-82.816,59.16,82.816,"SAME NET - intended copper, not a short"
L6 Bottom,aqroot-Beta-v2-B_Cu.gbr,/I2C_SCL_INT,58.823,-81.958,58.823,81.958,"SAME NET - intended copper, not a short"
L6 Bottom,aqroot-Beta-v2-B_Cu.gbr,/I2C_SCL_INT,58.756,-80.766,58.756,80.766,"SAME NET - intended copper, not a short"
L6 Bottom,aqroot-Beta-v2-B_Cu.gbr,Net-(J3-SHIELD),40.365,-147.05,40.365,147.05,"SAME NET - intended copper, not a short"
L6 Bottom,aqroot-Beta-v2-B_Cu.gbr,Net-(J3-SHIELD),45.608,-147.05,45.608,147.05,"SAME NET - intended copper, not a short"
L6 Bottom,aqroot-Beta-v2-B_Cu.gbr,Net-(J3-SHIELD),46.103,-147.022,46.103,147.022,"SAME NET - intended copper, not a short"
L6 Bottom,aqroot-Beta-v2-B_Cu.gbr,Net-(J3-SHIELD),52.082,-143.472,52.082,143.472,"SAME NET - intended copper, not a short"
L6 Bottom,aqroot-Beta-v2-B_Cu.gbr,Net-(J3-SHIELD),52.788,-142.762,52.788,142.762,"SAME NET - intended copper, not a short"
L6 Bottom,aqroot-Beta-v2-B_Cu.gbr,Net-(J3-SHIELD),52.198,-142.119,52.198,142.119,"SAME NET - intended copper, not a short"
L6 Bottom,aqroot-Beta-v2-B_Cu.gbr,Net-(J3-SHIELD),51.945,-141.874,51.945,141.874,"SAME NET - intended copper, not a short"
L6 Bottom,aqroot-Beta-v2-B_Cu.gbr,/08_BUTTONS_EXPANDERS/BTN_DOWN_N,57.282,-87.384,57.282,87.384,"SAME NET - intended copper, not a short"
L6 Bottom,aqroot-Beta-v2-B_Cu.gbr,/08_BUTTONS_EXPANDERS/BTN_DOWN_N,57.276,-87.391,57.276,87.391,"SAME NET - intended copper, not a short"
L6 Bottom,aqroot-Beta-v2-B_Cu.gbr,/08_BUTTONS_EXPANDERS/BTN_DOWN_N,57.282,-87.384,57.282,87.384,"SAME NET - intended copper, not a short"
L6 Bottom,aqroot-Beta-v2-B_Cu.gbr,/08_BUTTONS_EXPANDERS/BTN_DOWN_N,57.388,-85.485,57.388,85.485,"SAME NET - intended copper, not a short"
L6 Bottom,aqroot-Beta-v2-B_Cu.gbr,/08_BUTTONS_EXPANDERS/BTN_DOWN_N,57.846,-85.148,57.846,85.148,"SAME NET - intended copper, not a short"
L6 Bottom,aqroot-Beta-v2-B_Cu.gbr,/08_BUTTONS_EXPANDERS/BTN_DOWN_N,57.525,-85.384,57.525,85.384,"SAME NET - intended copper, not a short"
L6 Bottom,aqroot-Beta-v2-B_Cu.gbr,/08_BUTTONS_EXPANDERS/BTN_DOWN_N,58.383,-84.98,58.383,84.98,"SAME NET - intended copper, not a short"
L6 Bottom,aqroot-Beta-v2-B_Cu.gbr,/08_BUTTONS_EXPANDERS/BTN_DOWN_N,58.383,-84.98,58.383,84.98,"SAME NET - intended copper, not a short"
L6 Bottom,aqroot-Beta-v2-B_Cu.gbr,/08_BUTTONS_EXPANDERS/BTN_DOWN_N,58.383,-84.98,58.383,84.98,"SAME NET - intended copper, not a short"
L6 Bottom,aqroot-Beta-v2-B_Cu.gbr,/08_BUTTONS_EXPANDERS/BTN_DOWN_N,57.305,-85.722,57.305,85.722,"SAME NET - intended copper, not a short"
L6 Bottom,aqroot-Beta-v2-B_Cu.gbr,/08_BUTTONS_EXPANDERS/BTN_DOWN_N,57.388,-85.485,57.388,85.485,"SAME NET - intended copper, not a short"
L6 Bottom,aqroot-Beta-v2-B_Cu.gbr,/08_BUTTONS_EXPANDERS/BTN_DOWN_N,57.846,-85.148,57.846,85.148,"SAME NET - intended copper, not a short"
L6 Bottom,aqroot-Beta-v2-B_Cu.gbr,/08_BUTTONS_EXPANDERS/BTN_DOWN_N,57.525,-85.384,57.525,85.384,"SAME NET - intended copper, not a short"
L6 Bottom,aqroot-Beta-v2-B_Cu.gbr,/08_BUTTONS_EXPANDERS/BTN_DOWN_N,57.305,-85.722,57.305,85.722,"SAME NET - intended copper, not a short"
L6 Bottom,aqroot-Beta-v2-B_Cu.gbr,/08_BUTTONS_EXPANDERS/BTN_DOWN_N,57.276,-87.391,57.276,87.391,"SAME NET - intended copper, not a short"
L6 Bottom,aqroot-Beta-v2-B_Cu.gbr,/08_BUTTONS_EXPANDERS/BTN_DOWN_N,57.225,-85.95,57.225,85.95,"SAME NET - intended copper, not a short"
L6 Bottom,aqroot-Beta-v2-B_Cu.gbr,/ACC_DETECT_N,52.767,-60.4,52.767,60.4,"SAME NET - intended copper, not a short"
L6 Bottom,aqroot-Beta-v2-B_Cu.gbr,/ACC_DETECT_N,52.9,-60.3,52.9,60.3,"SAME NET - intended copper, not a short"
L6 Bottom,aqroot-Beta-v2-B_Cu.gbr,/ACC_DETECT_N,53.1,-60.1,53.1,60.1,"SAME NET - intended copper, not a short"
L6 Bottom,aqroot-Beta-v2-B_Cu.gbr,/ACC_DETECT_N,53.25,-59.17,53.25,59.17,"SAME NET - intended copper, not a short"
L6 Bottom,aqroot-Beta-v2-B_Cu.gbr,/ACC_DETECT_N,50.286,-60.6,50.286,60.6,"SAME NET - intended copper, not a short"
L6 Bottom,aqroot-Beta-v2-B_Cu.gbr,/ACC_DETECT_N,50.154,-60.723,50.154,60.723,"SAME NET - intended copper, not a short"
L6 Bottom,aqroot-Beta-v2-B_Cu.gbr,/01_POWER_TREE/BAT_SENSE,2.527,-54.312,2.527,54.312,"SAME NET - intended copper, not a short"
L6 Bottom,aqroot-Beta-v2-B_Cu.gbr,/01_POWER_TREE/BAT_MID,2.527,-46.512,2.527,46.512,"SAME NET - intended copper, not a short"
L6 Bottom,aqroot-Beta-v2-B_Cu.gbr,/01_POWER_TREE/BAT_MID,3.15,-46.525,3.15,46.525,"SAME NET - intended copper, not a short"
L6 Bottom,aqroot-Beta-v2-B_Cu.gbr,/NFC_SUPPLY,31.23,-25.95,31.23,25.95,"SAME NET - intended copper, not a short"
L6 Bottom,aqroot-Beta-v2-B_Cu.gbr,/ACC_5V_BOOST_EN,62.934,-48.04,62.934,48.04,"SAME NET - intended copper, not a short"
L6 Bottom,aqroot-Beta-v2-B_Cu.gbr,/04_SPI_B_RADIOS_NFC/NFC_VDD_RF,32.148,-27.426,32.148,27.426,"SAME NET - intended copper, not a short"
L6 Bottom,aqroot-Beta-v2-B_Cu.gbr,/04_SPI_B_RADIOS_NFC/NFC_VDD_AM,33.767,-19.258,33.767,19.258,"SAME NET - intended copper, not a short"
L6 Bottom,aqroot-Beta-v2-B_Cu.gbr,/01_POWER_TREE/BAT_PROTECTED_P,65.05,-75.6,65.05,75.6,"SAME NET - intended copper, not a short"
L6 Bottom,aqroot-Beta-v2-B_Cu.gbr,/01_POWER_TREE/BAT_PROTECTED_P,63.763,-74.312,63.763,74.312,"SAME NET - intended copper, not a short"
L6 Bottom,aqroot-Beta-v2-B_Cu.gbr,/01_POWER_TREE/BAT_PROTECTED_P,63.763,-74.313,63.763,74.313,"SAME NET - intended copper, not a short"
L6 Bottom,aqroot-Beta-v2-B_Cu.gbr,/01_POWER_TREE/BAT_PROTECTED_P,63.756,-74.306,63.756,74.306,"SAME NET - intended copper, not a short"
L6 Bottom,aqroot-Beta-v2-B_Cu.gbr,/01_POWER_TREE/BAT_PROTECTED_P,0.615,-81.485,0.615,81.485,"SAME NET - intended copper, not a short"
L6 Bottom,aqroot-Beta-v2-B_Cu.gbr,/ACC_PWR_EN,54.111,-54.61,54.111,54.61,"SAME NET - intended copper, not a short"
L6 Bottom,aqroot-Beta-v2-B_Cu.gbr,/01_POWER_TREE/LTC4368_FAULT_N,10.317,-71.75,10.317,71.75,"SAME NET - intended copper, not a short"
L6 Bottom,aqroot-Beta-v2-B_Cu.gbr,/01_POWER_TREE/LTC4368_FAULT_N,11.182,-71.2,11.182,71.2,"SAME NET - intended copper, not a short"
L6 Bottom,aqroot-Beta-v2-B_Cu.gbr,/01_POWER_TREE/LTC4368_FAULT_N,8.48,-72.919,8.48,72.919,"SAME NET - intended copper, not a short"
L6 Bottom,aqroot-Beta-v2-B_Cu.gbr,/01_POWER_TREE/LTC4368_FAULT_N,19.49,-63.438,19.49,63.438,"SAME NET - intended copper, not a short"
L6 Bottom,aqroot-Beta-v2-B_Cu.gbr,/01_POWER_TREE/LTC4368_FAULT_N,19.009,-60.478,19.009,60.478,"SAME NET - intended copper, not a short"
L6 Bottom,aqroot-Beta-v2-B_Cu.gbr,/08_BUTTONS_EXPANDERS/FRONT_RGB_B_N,54.798,-102.6,54.798,102.6,"SAME NET - intended copper, not a short"
L6 Bottom,aqroot-Beta-v2-B_Cu.gbr,/01_POWER_TREE/BAT_CONNECTOR_P,4.1,-37.9,4.1,37.9,"SAME NET - intended copper, not a short"
L6 Bottom,aqroot-Beta-v2-B_Cu.gbr,/01_POWER_TREE/BAT_RAW,5.073,-46.511,5.073,46.511,"SAME NET - intended copper, not a short"
L6 Bottom,aqroot-Beta-v2-B_Cu.gbr,/01_POWER_TREE/BAT_RAW,10.9,-64.7,10.9,64.7,"SAME NET - intended copper, not a short"
L6 Bottom,aqroot-Beta-v2-B_Cu.gbr,/09_COMMUNITY_HEADER/TCA4307_READY,59.584,-59.063,59.584,59.063,"SAME NET - intended copper, not a short"
L6 Bottom,aqroot-Beta-v2-B_Cu.gbr,/01_POWER_TREE/BAT_PROT_SHDN_CTL,4.199,-76.401,4.199,76.401,"SAME NET - intended copper, not a short"
L6 Bottom,aqroot-Beta-v2-B_Cu.gbr,/04_SPI_B_RADIOS_NFC/NFC_ANT_A,49.639,-28.688,49.639,28.688,"SAME NET - intended copper, not a short"
