"Designator","Mid X","Mid Y","Rotation","Layer"
"C1","11.800000","-14.800000","0","Bottom"
"C2","8.300000","-14.800000","180","Bottom"
"C3","15.500000","-14.800000","0","Bottom"
"C4","17.800000","-48.000000","0","Bottom"
"C5","27.700000","-10.300000","270","Bottom"
"C6","11.850000","-60.800000","0","Bottom"
"C7","15.500000","-60.800000","0","Bottom"
"C8","72.000000","-11.800000","180","Bottom"
"C9","66.000000","-14.300000","90","Bottom"
"C10","69.800000","-16.300000","0","Bottom"
"C12","63.000000","-9.900000","0","Bottom"
"C13","28.500000","-79.000000","180","Bottom"
"C37","30.000000","-14.000000","180","Bottom"
"C38","40.200000","-14.000000","0","Bottom"
"C40","30.700000","-11.200000","90","Bottom"
"C42","39.500000","-11.200000","270","Bottom"
"C43","33.500000","-83.150000","180","Bottom"
"C44","46.900000","-85.200000","0","Bottom"
"C56","46.100000","-82.500000","0","Bottom"
"D8","43.000000","-85.200000","180","Bottom"
"J2","16.000000","-146.700000","0","Bottom"
"J4","58.000000","-82.500000","0","Bottom"
"J5","37.000000","0.000000","180","Bottom"
"L3","38.000000","-83.150000","0","Bottom"
"MK1","71.500000","-8.500000","0","Bottom"
"R1","15.500000","-10.500000","0","Bottom"
"R2","22.000000","-37.500000","0","Bottom"
"R3","18.200000","-43.000000","0","Bottom"
"R4","8.000000","-50.500000","0","Bottom"
"R5","11.500000","-50.500000","0","Bottom"
"R6","14.800000","-50.500000","0","Bottom"
"R7","18.200000","-50.500000","0","Bottom"
"R8","8.000000","-53.000000","0","Bottom"
"R9","11.500000","-53.000000","0","Bottom"
"R10","14.800000","-53.000000","0","Bottom"
"R11","18.200000","-45.500000","0","Bottom"
"R12","18.200000","-40.500000","0","Bottom"
"R13","18.200000","-53.000000","0","Bottom"
"R14","8.000000","-54.900000","0","Bottom"
"R15","11.500000","-54.900000","0","Bottom"
"R16","14.800000","-54.900000","0","Bottom"
"R17","44.000000","-9.350000","0","Bottom"
"R18","15.800000","-63.500000","0","Bottom"
"R19","8.000000","-37.200000","0","Bottom"
"R20","11.500000","-37.200000","0","Bottom"
"R26","32.000000","-79.000000","180","Bottom"
"R47","36.900000","-14.000000","0","Bottom"
"R48","33.500000","-14.000000","180","Bottom"
"R69","42.500000","-79.800000","0","Bottom"
"R70","50.400000","-84.900000","180","Bottom"
"R71","50.400000","-83.000000","180","Bottom"
"R72","50.400000","-81.100000","180","Bottom"
"R73","50.400000","-79.200000","180","Bottom"
"SW1","6.000000","-70.000000","0","Bottom"
"U1","12.750000","-26.000000","270","Bottom"
"U2","12.000000","-44.000000","0","Bottom"
"U3","22.000000","-12.300000","90","Bottom"
"U4","12.100000","-63.500000","0","Bottom"
"U7","55.500000","-146.500000","90","Bottom"
"U8","65.000000","-128.000000","0","Bottom"
"U17","43.000000","-82.500000","0","Bottom"
"C14","16.500000","-149.600000","0","Top"
"C15","16.500000","-147.000000","0","Top"
"C16","60.960000","-141.500000","0","Top"
"C17","70.800000","-133.500000","0","Top"
"C18","19.000000","-20.250000","0","Top"
"C20","35.000000","-144.500000","0","Top"
"C23","70.000000","-66.000000","0","Top"
"C24","64.000000","-70.000000","0","Top"
"C25","64.000000","-72.300000","0","Top"
"C26","65.000000","-46.000000","0","Top"
"C27","70.500000","-46.000000","0","Top"
"C28","63.800000","-64.300000","0","Top"
"C29","65.000000","-58.500000","0","Top"
"C30","70.500000","-58.500000","0","Top"
"C31","65.000000","-61.500000","0","Top"
"C32","70.500000","-61.500000","0","Top"
"C33","64.200000","-74.600000","0","Top"
"C36","67.200000","-64.300000","0","Top"
"C39","46.300000","-9.900000","0","Top"
"J1","37.500000","-80.150000","0","Top"
"J3","35.000000","-151.325000","0","Top"
"L1","70.500000","-51.000000","0","Top"
"R25","13.000000","-149.600000","0","Top"
"R27","59.500000","-127.100000","0","Top"
"R28","58.500000","-153.000000","0","Top"
"R29","20.800000","-17.100000","0","Top"
"R30","31.000000","-144.800000","0","Top"
"R31","39.000000","-144.800000","0","Top"
"R32","43.500000","-146.500000","0","Top"
"R33","30.500000","-139.800000","0","Top"
"R34","39.500000","-139.800000","0","Top"
"R35","26.000000","-144.800000","0","Top"
"R36","69.500000","-70.000000","0","Top"
"R37","69.500000","-72.300000","0","Top"
"R38","69.500000","-74.600000","0","Top"
"R39","64.000000","-55.500000","0","Top"
"R40","67.500000","-55.500000","0","Top"
"R41","64.000000","-43.000000","0","Top"
"R42","67.500000","-43.000000","0","Top"
"R43","5.500000","-66.000000","0","Top"
"R46","42.900000","-9.900000","0","Top"
"R51","51.000000","-12.000000","0","Top"
"R52","51.000000","-13.900000","0","Top"
"R53","47.600000","-12.000000","0","Top"
"R54","47.600000","-13.900000","0","Top"
"R55","44.200000","-12.000000","0","Top"
"R56","44.200000","-13.900000","0","Top"
"R57","40.800000","-12.000000","0","Top"
"R58","40.800000","-13.900000","0","Top"
"R59","37.400000","-12.000000","0","Top"
"R60","37.400000","-13.900000","0","Top"
"R61","34.000000","-12.000000","0","Top"
"R62","34.000000","-13.900000","0","Top"
"R63","30.600000","-12.000000","0","Top"
"R64","30.600000","-13.900000","0","Top"
"R66","24.400000","-12.000000","0","Top"
"R67","24.400000","-13.900000","0","Top"
"R74","70.800000","-129.699999","0","Top"
"SW2","24.000000","-104.000000","0","Top"
"SW3","24.000000","-125.000000","0","Top"
"SW4","13.500000","-114.500000","0","Top"
"SW5","34.500000","-114.500000","0","Top"
"SW6","47.000000","-122.500000","0","Top"
"SW7","60.000000","-119.500000","0","Top"
"SW8","48.000000","-138.500000","0","Top"
"SW9","6.500000","-59.500000","0","Top"
"U10","35.000000","-141.300000","90","Top"
"U11","65.000000","-67.000000","0","Top"
"U12","65.500000","-51.000000","0","Top"
"U14","64.500000","-80.500000","0","Top"
