"Designators","Qty","AQROOT Comment","AQROOT Footprint","AQROOT Manufacturer","AQROOT MPN","JLC Match Status","JLC Selected MPN","JLC Manufacturer","JLC Footprint","JLC Part #","JLC Lib Type","JLC Qty","JLC Price","JLC Description","JLC Warning","Class","JLC Auto-match Verdict","Approved JLCPCB Part #","Approved MPN","Audit note"
"C1,C56","2","1uF","C_0603_1608Metric","","","Unconfirmed","CL10A105KB8NNNC","Samsung Electro-Mechanics","0603","C15849","Basic","0.0","0.0","1uF 50V X5R ±10% 0603 Multilayer Ceramic Capacitors MLCC - SMD/SMT ROHS","1.Multiple lines in the BOM have been matched to the same part. Please check if the matching is correct. ;","B SAFE GENERIC","ACCEPTED","C15849","CL10A105KB8NNNC","1uF 50V X5R 0603. Schematic states no dielectric, so X5R is permitted; 50V >> 2x rail."
"C23","1","1uF 25V X7R","C_0603_1608Metric","","","Unconfirmed","CL10A105KB8NNNC","Samsung Electro-Mechanics","0603","C15849","Basic","0.0","0.0","1uF 50V X5R ±10% 0603 Multilayer Ceramic Capacitors MLCC - SMD/SMT ROHS","1.Multiple lines in the BOM have been matched to the same part. Please check if the matching is correct. ;","B SAFE GENERIC","REJECTED - JLC match wrong","C106858","CC0603KRX7R8BB105","JLC offered CL10A105KB8NNNC, X5R, but the schematic says X7R. Rule: X7R wherever the schematic says X7R. On USB_VBUS_CHG (5V). Replaced with YAGEO 1uF 25V X7R 0603, stock 180204."
"C25,C37,C38","3","1uF 10V X7R","C_0603_1608Metric","","","Unconfirmed","CL10A105KB8NNNC","Samsung Electro-Mechanics","0603","C15849","Basic","0.0","0.0","1uF 50V X5R ±10% 0603 Multilayer Ceramic Capacitors MLCC - SMD/SMT ROHS","1.Multiple lines in the BOM have been matched to the same part. Please check if the matching is correct. ;","B SAFE GENERIC","REJECTED - JLC match wrong","C106858","CC0603KRX7R8BB105","JLC offered X5R against an X7R specification. Nets are BAT_PROTECTED_P, +3V3 and ACC_3V3_SW; 25V covers all three at >=2x rail. YAGEO 1uF 25V X7R 0603."
"C10","1","10uf","C_0805_2012Metric","","","Unconfirmed","GRM21BR61H106KE43L","Murata Electronics","0805","C440198","Basic","0.0","0.0","10uF 50V X5R ±10% 0805 Multilayer Ceramic Capacitors MLCC - SMD/SMT ROHS","1.Multiple lines in the BOM have been matched to the same part. Please check if the matching is correct. ;","B SAFE GENERIC","ACCEPTED","C440198","GRM21BR61H106KE43L","10uF 50V X5R 0805 on +3V3; no dielectric specified."
"C33","1","10uF 10V X7R","C_0805_2012Metric","","","Unconfirmed","GRM21BR61H106KE43L","Murata Electronics","0805","C440198","Basic","0.0","0.0","10uF 50V X5R ±10% 0805 Multilayer Ceramic Capacitors MLCC - SMD/SMT ROHS","1.Multiple lines in the BOM have been matched to the same part. Please check if the matching is correct. ;","B SAFE GENERIC","REJECTED - JLC match wrong","C326595","CC0805KKX7R7BB106","JLC offered X5R against an X7R specification. C33 is SYS bulk on BQ25185_SYS (4.5V). YAGEO 10uF 16V X7R 0805, stock 187459."
"C15,C3","2","10uF","C_0805_2012Metric","","","Unconfirmed","GRM21BR61H106KE43L","Murata Electronics","0805","C440198","Basic","0.0","0.0","10uF 50V X5R ±10% 0805 Multilayer Ceramic Capacitors MLCC - SMD/SMT ROHS","1.Multiple lines in the BOM have been matched to the same part. Please check if the matching is correct. ;","B SAFE GENERIC","ACCEPTED","C440198","GRM21BR61H106KE43L","10uF 50V X5R 0805 on +3V3; no dielectric specified."
"C12,C43","2","4.7uF","C_0805_2012Metric","","","Unconfirmed","CL21A475KAQNNNE","Samsung Electro-Mechanics","0805","C1779","Basic","0.0","0.0","25V 4.7uF X5R ±10% 0805 Multilayer Ceramic Capacitors MLCC - SMD/SMT ROHS","1.Multiple lines in the BOM have been matched to the same part. Please check if the matching is correct. ;","B SAFE GENERIC","ACCEPTED","C1779","CL21A475KAQNNNE","4.7uF 25V X5R 0805 on +3V3; no dielectric specified."
"C20","1","4.7uF 10V X7R","C_0805_2012Metric","","","Unconfirmed","CL21A475KAQNNNE","Samsung Electro-Mechanics","0805","C1779","Basic","0.0","0.0","25V 4.7uF X5R ±10% 0805 Multilayer Ceramic Capacitors MLCC - SMD/SMT ROHS","1.Multiple lines in the BOM have been matched to the same part. Please check if the matching is correct. ;","B SAFE GENERIC","REJECTED - JLC match wrong","C354262","CC0805KKX7R8BB475","JLC offered X5R against an X7R specification. C20 sits on USB_VBUS_RAW (5V). YAGEO 4.7uF 25V X7R 0805, stock 391419."
"C14,C16,C17,C2,C4,C5,C6,C7,C8,C9,C13","11","100nF","C_0603_1608Metric","","","Unconfirmed","CC0603KRX7R9BB104","YAGEO","0603","C14663","Basic","0.0","0.0","100nF 50V X7R ±10% 0603 Multilayer Ceramic Capacitors MLCC - SMD/SMT ROHS","1.Multiple lines in the BOM have been matched to the same part. Please check if the matching is correct. ;","B SAFE GENERIC","ACCEPTED","C14663","CC0603KRX7R9BB104","100nF 50V X7R 0603 decoupling."
"C28,C36,C39","3","100nF X7R","C_0603_1608Metric","","","Unconfirmed","CC0603KRX7R9BB104","YAGEO","0603","C14663","Basic","0.0","0.0","100nF 50V X7R ±10% 0603 Multilayer Ceramic Capacitors MLCC - SMD/SMT ROHS","1.Multiple lines in the BOM have been matched to the same part. Please check if the matching is correct. ;","B SAFE GENERIC","ACCEPTED","C14663","CC0603KRX7R9BB104","100nF 50V X7R 0603, dielectric honoured."
"C40,C42","2","100 nF X7R","C_0603_1608Metric","","","Unconfirmed","CC0603KRX7R9BB104","YAGEO","0603","C14663","Basic","0.0","0.0","100nF 50V X7R ±10% 0603 Multilayer Ceramic Capacitors MLCC - SMD/SMT ROHS","1.Multiple lines in the BOM have been matched to the same part. Please check if the matching is correct. ;","B SAFE GENERIC","ACCEPTED","C14663","CC0603KRX7R9BB104","100nF 50V X7R 0603, dielectric honoured."
"C18","1","100nF","C_0402_1005Metric","","","Select by System","GRM022R60J104KE15D","Murata Electronics","01005","C161362","Extended","20.0","0.122","100nF 6.3V X5R ±10% 01005 Multilayer Ceramic Capacitors MLCC - SMD/SMT ROHS","","B SAFE GENERIC","REJECTED - JLC match wrong","C105883","CC0402KRX7R8BB104","JLC chose GRM022R60J104KE15D in an 01005 body at 6.3V - wrong package for the frozen 0402 land and only 1.9x the +3V3 rail. Replaced with YAGEO 100nF 25V X7R 0402, stock 3803076."
"C24","1","10uF 25V X5R","C_0603_1608Metric","Murata","GRM188R61E106KA73D","Select by System","GRM188R61E106KA73D","Murata Electronics","0603","C344022","Extended","10.0","1.725","10uF 25V X5R ±10% 0603 Multilayer Ceramic Capacitors MLCC - SMD/SMT ROHS","","A EXACT APPROVED","ACCEPTED","C344022","GRM188R61E106KA73D","Exact locked MPN, Murata, 0603, 25V X5R. DC-bias gate closed 2026-08-21 at 4.677uF @4.5V."
"C26,C27","2","10uF 10V X7R","C_1206_3216Metric","","","Select by System","CL31A106KBHNNNE","Samsung Electro-Mechanics","1206","C13585","Basic","8.0","2.228","10uF 50V X5R ±10% 1206 Multilayer Ceramic Capacitors MLCC - SMD/SMT ROHS","","B SAFE GENERIC","REJECTED - JLC match wrong","C77093","GRM31CR71E106KA12L","JLC chose CL31A106KBHNNNE, X5R, against an X7R specification. Replaced with Murata GRM31CR71E106KA12L, 10uF 25V X7R 1206, stock 226763; TI SLUSF65A 8.2.2.3 also asks for 25V parts on IN/SYS. DC-bias gate closed on official Murata SimSurfing data (25 degC, AC 1Vrms): 10.923uF at 0V, 9.000uF at 4.5V, change -17.60%. Per capacitor 9.00uF against the >=5uF floor = 1.80x; combined 18.0uF against the >=10uF floor = 1.80x. With -10% tolerance, 8.10uF each / 16.2uF combined = 1.62x both. With X7R -15% temperature on top, 6.885uF each / 13.77uF combined = 1.38x both. PASS. Murata GRM21BR71A106KE51L was not considered - it is the obsolete part the rule bans."
"C29,C30,C31,C32","4","22uF 10V X7R","C_1206_3216Metric","","","Select by System","CL31A226KAHNNNE","Samsung Electro-Mechanics","1206","C12891","Basic","12.0","2.9844","22uF 25V X5R ±10% 1206 Multilayer Ceramic Capacitors MLCC - SMD/SMT ROHS","","B SAFE GENERIC","REJECTED - JLC match wrong","C22392398","TCC1206X7R226K160HT","JLC offered X5R against an X7R specification. On +3V3, where the rule asks for 16V or 25V. CCTC 22uF 16V X7R 1206, stock 62585."
"C44","1","1uF","C_0805_2012Metric","","","Select by System","CL21B105KBFNNNE","Samsung Electro-Mechanics","0805","C28323","Basic","20.0","0.878","1uF 50V X7R ±10% 0805 Multilayer Ceramic Capacitors MLCC - SMD/SMT ROHS","","B SAFE GENERIC","ACCEPTED","C28323","CL21B105KBFNNNE","1uF 50V X7R 0805 on LED_BOOST."
"D8","1","NSR0240","D_SOD-323","onsemi","NSR0240HT1G","Unconfirmed","NSR0240HT1G","onsemi","SOD-323","C152519","Extended","0.0","0.0","-55℃~+150℃ 1 Independent 10uA@40V 1A 250mA 40V 710mV@200mA SOD-323 Schottky Diodes ROHS","1.The comment (NSR0240HT1G) of this part does not match the one (NSR0240) provided in your BOM. Please confirm;","D NO MATCH / MANUAL SOURCE","ACCEPTED","","NSR0240HT1G","CTO ruling applied. The old lock NSR0240V2T5G is SOD-523 against a SOD-323 land and never fitted; now locked to onsemi NSR0240HT1G, SOD-323, 40V, 250mA Schottky - the part JLC itself suggested. JLC C152519 cannot be bought today: stock 13 against a 116-piece minimum purchase with a negative presale balance. MANUAL SOURCE, not pinned - pinning an unbuyable code would only fail at checkout. Two pieces of a 2-pin SOD-323 are trivial to consign or hand-fit."
"J4","1","JST-PH-2 BATTERY","JST_PH_B2B-PH-K_1x02_P2.00mm_Vertical","JST","B2B-PH-K-S(LF)(SN)","Select by System","B2B-PH-K-S(LF)(SN)","JST","插件,P=2mm","C131337","Extended","3.0","0.1059","-25℃~+85℃ 1 100V 1x2P 2 2A 2P 2mm 4.5mm 5.9mm 6mm Brass K Pin PA66 PH Through Hole Tin UL94V-0 White 插件,P=2mm Wire To Board Connector ROHS","","A EXACT APPROVED","ACCEPTED","C131337","B2B-PH-K-S(LF)(SN)","Exact locked MPN, JST, 2mm PH vertical."
"L3","1","4.7uH","Coilcraft_XFL4020","Coilcraft","XFL4020-472MEC","Select by System","IHLP1616BZER4R7M5A","Vishay Intertech","SMD,4.5x4.1mm","C3223759","Extended","5.0","2.6455","1.8A 110mΩ 3.2A 4.7uH ±20% SMD,4.5x4.1mm Power Inductors ROHS","","A EXACT APPROVED","REJECTED - JLC match wrong","C5156236","XFL4020-472MEC","JLC chose Vishay IHLP1616BZER4R7M5A on a different land (4.5x4.1mm vs XFL4020 4x4mm). Exact Coilcraft XFL4020-472MEC is C5156236, 52.2mOhm, 2.7A Irms, 5A Isat, stock 1989."
"MK1","1","ICS-43434","InvenSense_ICS-43434-6_3.5x2.65mm","TDK InvenSense","ICS-43434","Select by System","ICS-43434","TDK InvenSense","LGA-6(3.5x2.7)","C5656610","Extended","2.0","7.5954","-26dB -40℃~+85℃ 0.98mm 1.65V~3.63V 2.65mm 3.5mm 550uA 64dB I2S Omnidirectional Omnidirectional pickup LGA-6(3.5x2.7) MEMS Microphones ROHS","","A EXACT APPROVED","ACCEPTED","C5656610","ICS-43434","Exact locked MPN, TDK InvenSense, LGA-6 3.5x2.7 matches the land."
"R11","1","10K","R_0603_1608Metric","","","Unconfirmed","0603WAF1002T5E","UNI-ROYAL(Uniroyal Elec)","0603","C25804","Basic","0.0","0.0","-55℃~+155℃ 100mW 10kΩ 75V Thick Film Resistor ±1% ±100ppm/℃ 0603 Chip Resistor - Surface Mount ROHS","1.The comment (0603WAF1002T5E) of this part does not match the one (10K) provided in your BOM. Please confirm; 2.Multiple lines in the BOM have been matched to the same part. Please check if the matching is correct. ;","B SAFE GENERIC","ACCEPTED","C25804","0603WAF1002T5E","10k +/-1%."
"R25,R27,R28,R29,R1,R2,R3,R4,R5,R6,R7,R8,R9,R10,R26","15","10k","R_0603_1608Metric","","","Unconfirmed","0603WAF1002T5E","UNI-ROYAL(Uniroyal Elec)","0603","C25804","Basic","0.0","0.0","-55℃~+155℃ 100mW 10kΩ 75V Thick Film Resistor ±1% ±100ppm/℃ 0603 Chip Resistor - Surface Mount ROHS","1.The comment (0603WAF1002T5E) of this part does not match the one (10k) provided in your BOM. Please confirm; 2.Multiple lines in the BOM have been matched to the same part. Please check if the matching is correct. ;","B SAFE GENERIC","ACCEPTED","C25804","0603WAF1002T5E","10k +/-1%."
"R18","1","220R","R_0603_1608Metric","","","Unconfirmed","0603WAF2200T5E","UNI-ROYAL(Uniroyal Elec)","0603","C22962","Basic","0.0","0.0","-55℃~+155℃ 100mW 220Ω 75V Thick Film Resistor ±1% ±100ppm/℃ 0603 Chip Resistor - Surface Mount ROHS","1.The comment (0603WAF2200T5E) of this part does not match the one (220R) provided in your BOM. Please confirm;","B SAFE GENERIC","ACCEPTED","C22962","0603WAF2200T5E","220R +/-1%."
"R19,R20","2","4.7k","R_0603_1608Metric","","","Unconfirmed","0603WAF4701T5E","UNI-ROYAL(Uniroyal Elec)","0603","C23162","Basic","0.0","0.0","-55℃~+155℃ 100mW 4.7kΩ 75V Thick Film Resistor ±1% ±100ppm/℃ 0603 Chip Resistor - Surface Mount ROHS","1.The comment (0603WAF4701T5E) of this part does not match the one (4.7k) provided in your BOM. Please confirm;","B SAFE GENERIC","ACCEPTED","C23162","0603WAF4701T5E","4.7k +/-1%."
"R30,R31","2","5.1k","R_0603_1608Metric","","","Unconfirmed","0603WAF5101T5E","UNI-ROYAL(Uniroyal Elec)","0603","C23186","Basic","0.0","0.0","-55℃~+155℃ 100mW 5.1kΩ 75V Thick Film Resistor ±1% ±100ppm/℃ 0603 Chip Resistor - Surface Mount ROHS","1.The comment (0603WAF5101T5E) of this part does not match the one (5.1k) provided in your BOM. Please confirm;","B SAFE GENERIC","ACCEPTED","C23186","0603WAF5101T5E","5.1k +/-1%. USB-C CC pulldown Rd - 1% or better required and met."
"R32,R35,R42","3","0R","R_0603_1608Metric","","","Unconfirmed","0603WAF0000T5E","UNI-ROYAL(Uniroyal Elec)","0603","C21189","Basic","0.0","0.0","-55℃~+155℃ 0Ω 100mW 75V Thick Film Resistor ±1% 0603 Chip Resistor - Surface Mount ROHS","1.The comment (0603WAF0000T5E) of this part does not match the one (0R) provided in your BOM. Please confirm;","B SAFE GENERIC","ACCEPTED","C21189","0603WAF0000T5E","Current gate closed with real numbers. Netlist: R35 bridges USB_VBUS_RAW to USB_VBUS_CHG and is the only power-node jumper - R32 is J3 SHIELD to GND and R42 a U12 PS/SYNC strap to GND, both signal level. (The rule text names R42 as the power node; the netlist says R35.) Worst-case current through R35 is the BQ25185 input current limit. TI SLUSF65A 8.2.2.1: R_ILIM/VSET = 18k sets VBATREG 4.2V and an input current limit of 500mA - our R36 is 18k. 8.2.2.2: R_ISET = 1k sets ICHG 300mA - our R37 is 1k. So R35 sees at most 500mA. The UNI-ROYAL ZW-series 0603 jumper is rated 1A continuous / 2A overload at <50mOhm - 2x margin. PASS."
"R33,R34","2","22R","R_0603_1608Metric","","","Unconfirmed","0603WAF220JT5E","UNI-ROYAL(Uniroyal Elec)","0603","C23345","Basic","0.0","0.0","-55℃~+155℃ 100mW 22Ω 75V Thick Film Resistor ±1% ±100ppm/℃ 0603 Chip Resistor - Surface Mount ROHS","1.The comment (0603WAF220JT5E) of this part does not match the one (22R) provided in your BOM. Please confirm;","B SAFE GENERIC","ACCEPTED","C23345","0603WAF220JT5E","22R +/-1% (UNI-ROYAL part code uses J, the listing is +/-1%)."
"R36","1","18k 1%","R_0603_1608Metric","","","Unconfirmed","FRC0603F1802TS","FOJAN","0603","C2907001","Extended","0.0","0.0","-55℃~+155℃ 100mW 18kΩ 75V Thick Film Resistor ±1% ±100ppm/℃ 0603 Chip Resistor - Surface Mount ROHS","1.The comment (FRC0603F1802TS) of this part does not match the one (18k1%) provided in your BOM. Please confirm;","B SAFE GENERIC","REJECTED - JLC match wrong","C25810","0603WAF1802T5E","JLC chose FOJAN FRC0603F1802TS - electrically fine, but the rule prefers one series across all values. Same-family UNI-ROYAL 18k +/-1%, stock 1218964."
"R37","1","1k 1%","R_0603_1608Metric","","","Unconfirmed","SCR0603F1K","VO","0603","C3016283","Extended","0.0","0.0","-55℃~+155℃ 100mW 1kΩ 75V Thick Film Resistor ±1% ±100ppm/℃ 0603 Chip Resistor - Surface Mount ROHS","1.The comment (SCR0603F1K) of this part does not match the one (1k1%) provided in your BOM. Please confirm;","B SAFE GENERIC","REJECTED - JLC match wrong","C21190","0603WAF1001T5E","JLC chose SCR0603F1K from 'VO', an obscure house brand with 3449 in stock. Same-family UNI-ROYAL 1k +/-1%, stock 36216489."
"R39","1","1M 1%","R_0603_1608Metric","","","Unconfirmed","RCA031MFLF","HKR(Hong Kong Resistors)","0603","C22356470","Extended","0.0","0.0","-55℃~+155℃ 100mW 1MΩ 75V Thick Film Resistor ±1% ±100ppm/℃ 0603 Chip Resistor - Surface Mount ROHS","1.The comment (RCA031MFLF) of this part does not match the one (1M1%) provided in your BOM. Please confirm;","B SAFE GENERIC","REJECTED - JLC match wrong","C22935","0603WAF1004T5E","JLC chose RCA031MFLF from HKR with an incomplete listing (blank category). Same-family UNI-ROYAL 1M +/-1% - and the same part already used for the plain 1M group."
"R40","1","180K 1%","R_0603_1608Metric","","","Unconfirmed","FRC0603F1803TS","FOJAN","0603","C2906999","Extended","0.0","0.0","-55℃~+155℃ 100mW 180kΩ 75V Thick Film Resistor ±1% ±100ppm/℃ 0603 Chip Resistor - Surface Mount ROHS","1.The comment (FRC0603F1803TS) of this part does not match the one (180K1%) provided in your BOM. Please confirm;","B SAFE GENERIC","REJECTED - JLC match wrong","C22827","0603WAF1803T5E","JLC chose FOJAN FRC0603F1803TS. Same-family UNI-ROYAL 180k +/-1%, stock 291590."
"R41","1","1M","R_0603_1608Metric","","","Unconfirmed","0603WAF1004T5E","UNI-ROYAL(Uniroyal Elec)","0603","C22935","Basic","0.0","0.0","-55℃~+155℃ 100mW 1MΩ 75V Thick Film Resistor ±1% ±100ppm/℃ 0603 Chip Resistor - Surface Mount ROHS","1.The comment (0603WAF1004T5E) of this part does not match the one (1M) provided in your BOM. Please confirm;","B SAFE GENERIC","ACCEPTED","C22935","0603WAF1004T5E","1M +/-1%."
"R43","1","100K","R_0603_1608Metric","","","Unconfirmed","0603WAF1003T5E","UNI-ROYAL(Uniroyal Elec)","0603","C25803","Basic","0.0","0.0","-55℃~+155℃ 100kΩ 100mW 75V Thick Film Resistor ±1% ±100ppm/℃ 0603 Chip Resistor - Surface Mount ROHS","1.The comment (0603WAF1003T5E) of this part does not match the one (100K) provided in your BOM. Please confirm; 2.Multiple lines in the BOM have been matched to the same part. Please check if the matching is correct. ;","B SAFE GENERIC","ACCEPTED","C25803","0603WAF1003T5E","100k +/-1%."
"R74,R12,R13,R14,R15,R16,R17","7","100k","R_0603_1608Metric","","","Unconfirmed","0603WAF1003T5E","UNI-ROYAL(Uniroyal Elec)","0603","C25803","Basic","0.0","0.0","-55℃~+155℃ 100kΩ 100mW 75V Thick Film Resistor ±1% ±100ppm/℃ 0603 Chip Resistor - Surface Mount ROHS","1.The comment (0603WAF1003T5E) of this part does not match the one (100k) provided in your BOM. Please confirm; 2.Multiple lines in the BOM have been matched to the same part. Please check if the matching is correct. ;","B SAFE GENERIC","ACCEPTED","C25803","0603WAF1003T5E","100k +/-1%."
"R46","1","100k 1%","R_0603_1608Metric","","","Unconfirmed","TD03H1003BT","FH (Guangdong Fenghua Advanced Tech)","0603","C2961368","Extended","0.0","0.0","-55℃~+155℃ 100kΩ 100mW 50V Thin Film Resistor ±0.1% ±50ppm/℃ 0603 Chip Resistor - Surface Mount ROHS","1.The comment (TD03H1003BT) of this part does not match the one (100k1%) provided in your BOM. Please confirm;","B SAFE GENERIC","REJECTED - JLC match wrong","C25803","0603WAF1003T5E","JLC chose TD03H1003BT, +/-0.1% thin film, stock 13226. The requirement is 1%; the same-family UNI-ROYAL 100k +/-1% already used for the other 100k groups satisfies it with 23M in stock."
"R47,R48","2","22R 1%","R_0603_1608Metric","","","Unconfirmed","CRCW060322R0FKEAHP","Vishay Intertech","0603","C313710","Extended","0.0","0.0","-55℃~+155℃ 22Ω 333mW 75V Thick Film Resistor ±1% ±100ppm/℃ 0603 Chip Resistor - Surface Mount ROHS","1.The comment (CRCW060322R0FKEAHP) of this part does not match the one (22R1%) provided in your BOM. Please confirm;","B SAFE GENERIC","REJECTED - JLC match wrong","C23345","0603WAF220JT5E","JLC chose Vishay CRCW060322R0FKEAHP. Same-family UNI-ROYAL 22R +/-1% - the same part as the plain 22R group, one line fewer to source."
"R66","1","330R 1%","R_0603_1608Metric","","","Unconfirmed","RT0603BRD07330RL","YAGEO","0603","C861328","Extended","0.0","0.0","-55℃~+155℃ 100mW 330Ω 75V Thin Film Resistor ±0.1% ±25ppm/℃ 0603 Chip Resistor - Surface Mount ROHS","1.The comment (RT0603BRD07330RL) of this part does not match the one (330R1%) provided in your BOM. Please confirm;","B SAFE GENERIC","REJECTED - JLC match wrong","C23138","0603WAF3300T5E","JLC chose YAGEO RT0603BRD07330RL, +/-0.1%, stock 2706. Requirement is 1%; same-family UNI-ROYAL 330R +/-1%, stock 5112272."
"R67","1","470R 1%","R_0603_1608Metric","","","Unconfirmed","CRCW0603470RFKEAC","Vishay Intertech","0603","C844564","Extended","0.0","0.0","-55℃~+155℃ 100mW 470Ω Thick Film Resistor ±1% ±100ppm/℃ 0603 Chip Resistor - Surface Mount ROHS","1.The comment (CRCW0603470RFKEAC) of this part does not match the one (470R1%) provided in your BOM. Please confirm;","B SAFE GENERIC","REJECTED - JLC match wrong","C23179","0603WAF4700T5E","JLC chose Vishay CRCW0603470RFKEAC. Same-family UNI-ROYAL 470R +/-1%, stock 7069301."
"R69","1","2.55R","R_0603_1608Metric","","","Unconfirmed","RC0603FR-072R55L","YAGEO","0603","C482801","Extended","0.0","0.0","-55℃~+155℃ 100mW 2.55Ω 75V Thick Film Resistor ±1% ±200ppm/℃ 0603 Chip Resistor - Surface Mount ROHS","1.The comment (RC0603FR-072R55L) of this part does not match the one (2.55R) provided in your BOM. Please confirm;","B SAFE GENERIC","REJECTED - JLC match wrong","C158926","RTT032R55FTP","JLC chose RC0603FR-072R55L with only 30 in stock. RALEC RTT032R55FTP, 2.55R +/-1% 100mW 75V +/-200ppm, stock 2740. Exact E96 value preserved - not rounded. Deliberate deviation from the single-family preference: UNI-ROYAL's 2.55R has 76 in stock and +/-400ppm, and R69 sets the backlight LED current (~78mA, ~16mW), so tempco and stock both favour RALEC."
"R70,R71,R72,R73","4","39R","R_0603_1608Metric","","","Unconfirmed","FRC0603J390 TS","FOJAN","0603","C2907161","Extended","0.0","0.0","-55℃~+155℃ 100mW 39Ω 75V Thick Film Resistor ±100ppm/℃ ±5% 0603 Chip Resistor - Surface Mount ROHS","1.The comment (FRC0603J390 TS) of this part does not match the one (39R) provided in your BOM. Please confirm;","B SAFE GENERIC","REJECTED - JLC match wrong","C23154","0603WAF390JT5E","JLC chose FOJAN FRC0603J390 TS at +/-5%; the rule's default is 1%. These are the four backlight LED ballast resistors, where matching sets string-current balance. Same-family UNI-ROYAL 39R +/-1%, stock 145575."
"SW5","1","RIGHT","SW_SPST_PTS645Sx43SMTR92","C&K / Littelfuse","PTS645SM43SMTR92LFS","Unconfirmed","HX-3x5-CA-1.6N right angle","hanxia","SMD,4.5x3.3mm","C49234144","Extended","0.0","0.0","1.6N 100,000 cycles 12V 3.3mm 3.45mm 4.45mm 50mA No Round Button SMD(SMT) Tab SPST Surface Mount, Right Angle White With Bracket SMD,4.5x3.3mm Tactile Switches ROHS","1.The comment (HX-3x5-CA-1.6N right angle) of this part does not match the one (RIGHT) provided in your BOM. Please confirm;","A EXACT APPROVED","REJECTED - JLC match wrong","C221880","PTS645SM43SMTR92LFS","JLC matched SW5 alone to hanxia HX-3x5-CA-1.6N, a 4.5x3.3mm right-angle switch - wrong manufacturer, wrong body, wrong orientation, and it would have made SW5 differ from the other seven buttons. Rejected. CTO ruling: all eight buttons locked to one part, 1.6N. Recommended: C221880, C&K PTS645SM43SMTR92LFS - in the locked PTS645Sx43SMTR92 LFS family, SMD-4P 6x6mm gull wing, 4.3mm actuator, 1.6N, stock 8462, enough for all eight. The 'x' in the locked designation is the actuation-force letter, which the design has never fixed, so choosing it (H=2N / K=2.6N / L=1.3N / M=1.6N) is a CTO call on button feel. All eight must use one part."
"U1","1","ESP32-S3-WROOM-1","ESP32-S3-WROOM-1","Espressif Systems","ESP32-S3-WROOM-1-N16R8","Select by System","ESP32-S3-WROOM-1-N16R8","Espressif Systems","SMD,25.5x18mm","C2913202","Extended","2.0","10.257","-103.5dBm -40℃~+65℃ 2.4GHz 20.5dBm 355mA 3V~3.6V 95mA ESP32-S3R8 On-board PCB Antenna UART、SPI、I2C、GPIO、I2S、USB SMD,25.5x18mm WiFi Modules ROHS","","A EXACT APPROVED","ACCEPTED","C2913202","ESP32-S3-WROOM-1-N16R8","Exact locked MPN incl. N16R8 memory variant."
"U2,U3","2","TCA9535PWR","TSSOP-24_4.4x7.8mm_P0.65mm","Texas Instruments","TCA9535PWR","Select by System","TCA9535PWR","Texas Instruments","TSSOP-24","C130204","Extended","4.0","5.3624","-40℃~+85℃ 1.5uA 1.65V~5.5V 10mA 16 25mA 400kHz 4V 8 I2C、SMBus Interrupt Output Push-Pull Reset function、Cascade and address expansion、Built-in LED driver TSSOP-24 I/O Expanders ROHS","","A EXACT APPROVED","ACCEPTED","C130204","TCA9535PWR","Exact locked MPN, TI, TSSOP-24."
"U4","1","BMI270","Bosch_LGA-14_2.5x3.0mm_P0.5mm_BMI270","Bosch Sensortec","BMI270","Select by System","BMI270","Bosch Sensortec","LGA-14(2.5x3)","C2836813","Extended","2.0","6.5178","-40℃~+85℃ 1.71V~3.6V 16bit 2KB 3.5uA Accelerometer Gyroscope SPI、I2C X,Y,Z X,Y,Z ±16g ±2000dps LGA-14(2.5x3) Accelerometers ROHS","","A EXACT APPROVED","ACCEPTED","C2836813","BMI270","Exact locked MPN, Bosch Sensortec, LGA-14 2.5x3."
"U7","1","E07-400M10S","Ebyte_E07-400M10S","Ebyte (Chengdu Ebyte Electronic Technology)","E07-400M10S","Select by System","E07-400M10S","Chengdu Ebyte Elec Tech","SMD,20x14mm","C2965513","Extended","2.0","6.1024","-107dBm -40℃~+85℃ 1.5km 10dBm 18mA 2.5V~3.6V 35mA 433MHz SPI Transceiver SMD,20x14mm RF Modules ROHS","","A EXACT APPROVED","ACCEPTED","C2965513","E07-400M10S","Exact locked MPN, Ebyte, SMD 20x14mm."
"U8","1","E22-900M22S","Ebyte_E22-900M22S","Ebyte (Chengdu Ebyte Electronic Technology)","E22-900M22S","Select by System","E22-900M22S","Chengdu Ebyte Elec Tech","SMD,20x14mm","C411293","Extended","2.0","13.8048","-147dBm 119mA 2.5V~3.7V 22.3dBm 6.8mA 7km Continuous frequency coverage FSK、LoRa SPI Stamp Hole Antenna、IPEX interface SMD,20x14mm LoRa Modules ROHS","","A EXACT APPROVED","ACCEPTED","C411293","E22-900M22S","Exact locked MPN, Ebyte. Stock 59 - low, verify at order."
"U10","1","USBLC6-2SC6","SOT-23-6","STMicroelectronics","USBLC6-2SC6","Select by System","USBLC6-2SC6","TECH PUBLIC","SOT-23-6","C2827654","Extended","6.0","0.267","-55℃~+125℃ 0.35pF 12V 150W 2 5V 6A 6V 80nA ESD IEC 61000-4-2、IEC 61000-4-5、IEC 61000-4-4 Unidirectional SOT-23-6 ESD and Surge Protection (TVS/ESD) ROHS","","A EXACT APPROVED","REJECTED - JLC match wrong","C7519","USBLC6-2SC6","JLC chose TECH PUBLIC clone C2827654. Genuine STMicroelectronics USBLC6-2SC6 is C7519, SOT-23-6L, stock 43396. Locked manufacturer is ST - clone rejected."
"U11","1","BQ25185","Texas_DLH0010A_WSON-10-1EP_2.2x2mm_P0.4mm_EP0.9x1.5mm","Texas Instruments","BQ25185DLHR","Select by System","BQ25185DLHR","Texas Instruments","WSON-10-EP(2.2x2)","C19725033","Extended","2.0","3.3596","-40℃~+125℃ 1 1A 2.2V 3V~18V 4.4V 4uA Charging IC Lithium Battery、LiFePO4 Battery Support WSON-10-EP(2.2x2) Battery Management ROHS","","A EXACT APPROVED","ACCEPTED","C19725033","BQ25185DLHR","Exact locked MPN, TI, WSON-10-EP 2.2x2 = DLH0010A."
"U12","1","TPS63020","TI_TPS63020_DSJ","Texas Instruments","TPS63020DSJR","Unconfirmed","TPS63020DSJR","Texas Instruments","VSON-14-EP(3x4)","C15483","Extended","0.0","0.0","-40℃~+85℃@(TA) 1 1.2V~5.5V 1.8V~5.5V 2.4MHz 3A 50uA Adjustable Buck-Boost Buck-Boost Built-in Yes VSON-14-EP(3x4) DC-DC Converters ROHS","1.The comment (TPS63020DSJR) of this part does not match the one (TPS63020) provided in your BOM. Please confirm;","A EXACT APPROVED","ACCEPTED","C15483","TPS63020DSJR","Exact locked MPN, TI, VSON-14-EP 3x4 = DSJ. JLC's warning is BOM-comment text only."
"U14","1","MAX17048","MAX17048_T822","Analog Devices","MAX17048G+T10","Select by System","MAX17048G+T10","Analog Devices Inc./Maxim Integrated","DFN-8-EP(2x2)","C2682616","Extended","2.0","4.3302","-40℃~+85℃ 1 2.5V~4.5V 3uA I2C Lithium Battery Not supported Not supported DFN-8-EP(2x2) Battery Management ROHS","","A EXACT APPROVED","ACCEPTED","C2682616","MAX17048G+T10","Exact locked MPN, ADI/Maxim, DFN-8-EP 2x2."
"U17","1","TPS61169DCKR","SOT-353_SC-70-5","Texas Instruments","TPS61169DCKR","Select by System","TPS61169DCKR","Texas Instruments","SC-70-5","C71045","Extended","5.0","1.8375","-40℃~+125℃ 1 1.2A 1.2MHz 2.7V~38V 2.7V~5.5V Boost Built-in DC-DC PWM Under Voltage Protection、Over-Temperature Protection (OTP) SC-70-5 LED Drivers ROHS","","A EXACT APPROVED","ACCEPTED","C71045","TPS61169DCKR","Exact locked MPN, TI, SC-70-5."
"L1","1","1.5uH","Coilcraft_XFL4020","Coilcraft","XFL4020-152MEC","Select by System","FCI1005F-1R5K","TAI-TECH","0402","C356917","Extended","20.0","0.083","1.45Ω 1.5uH 15mA 20@10MHz 30MHz ±10% 0402 Inductors (SMD) ROHS","","A EXACT APPROVED","REJECTED - JLC match wrong","C3033018","XFL4020-152MEC","JLC chose FCI1005F-1R5K, TAI-TECH, 0402, 15mA rated - wrong package and ~300x too little current for a buck-boost inductor. Exact Coilcraft XFL4020-152MEC is C3033018, SMD 4x4mm, 14.4mOhm, 4.6A Irms, 9.1A Isat, stock 20079."
"R38","1","10k 1%","R_0603_1608Metric","","","Unconfirmed","FRQ0603F1002TS","FOJAN","0603","C5713432","Extended","20.0","0.027","-55℃~+155℃ 100mW 10kΩ 75V Thick Film Resistor ±1% ±100ppm/℃ 0603 Chip Resistor - Surface Mount ROHS","1.The comment (FRQ0603F1002TS) of this part does not match the one (10k1%) provided in your BOM. Please confirm;","B SAFE GENERIC","REJECTED - JLC match wrong","C25804","0603WAF1002T5E","JLC chose FOJAN FRQ0603F1002TS with 9 in stock. 10k 1% is satisfied by the same-family UNI-ROYAL 10k +/-1% already used for the other 10k groups, stock 12848220."
"R51,R52,R53,R54,R55,R56,R57,R58,R59,R60,R61,R62,R63,R64","14","100R 1%","R_0603_1608Metric","","","Unconfirmed","RC0603FR-13100RL","YAGEO","0603","C845629","Extended","38.0","0.012","-55℃~+155℃ 100mW 100Ω 75V Thick Film Resistor ±1% ±100ppm/℃ 0603 Chip Resistor - Surface Mount ROHS","1.The comment (RC0603FR-13100RL) of this part does not match the one (100R1%) provided in your BOM. Please confirm;","B SAFE GENERIC","REJECTED - JLC match wrong","C22775","0603WAF1000T5E","JLC chose YAGEO RC0603FR-13100RL. Same-family UNI-ROYAL 100R +/-1%, stock 6758592."
"J1","1","CH280QV10-CT_50P","Hirose_FH69-50S-0.5SH","Shenzhen ChengHao Optoelectronic","CH280QV10-CT","No matches","No Part Selected","","","","","","","","","D NO MATCH / MANUAL SOURCE","NO JLC MATCH","","CH280QV10-CT","JLC cannot supply this at all. The only catalogue entry, C9900119134, returns noBuyReason = this product is no longer manufactured, with a 442-piece minimum. That is a discontinuation, not a stock gap. Fine-pitch display FPC connector - do not plan to hand-solder it by default."
"J2","1","Molex_5025700893","Molex_5025700893","Molex","5025700893","No matches","No Part Selected","","","","","","","","","A EXACT APPROVED","NO JLC MATCH","C429846","5025700893","JLC reported No matches; the exact Molex 5025700893 microSD socket is C429846, stock 11008. LCSC code was already recorded on the J2 schematic symbol."
"J3","1","USB_C_Receptacle_USB2.0_16P","USB_C_Receptacle_GCT_USB4105-xx-A_16P_TopMnt_Horizontal","GCT (Global Connector Technology)","USB4105-GF-A-120","No matches","No Part Selected","","","","","","","","","A EXACT APPROVED","NO JLC MATCH","C5184243","USB4105-GF-A-120","JLC reported No matches; the exact GCT USB4105-GF-A-120 is C5184243, 16P Type-C, stock 2649."
"J5","1","COMMUNITY_HEADER_2x13","Samtec_TSW-113-08-G-D-RA","Samtec","TSW-113-08-G-D-RA","No matches","No Part Selected","","","","","","","","","D NO MATCH / MANUAL SOURCE","NO JLC MATCH","","TSW-113-08-G-D-RA","Samtec TSW-113-08-G-D-RA is catalogued as C7403613 with stock 0, but it is still flagged buyable at a 2-piece minimum, so JLC pre-order / global sourcing is a real route for our quantity. Locked part - never substitute another 2x13 right-angle header. Through-hole and not needed for power/MCU/radio bring-up, so hand-soldering after delivery is acceptable."
"SW1","1","BOOT","SW_SPST_PTS645Sx43SMTR92","C&K / Littelfuse","PTS645SM43SMTR92LFS","No matches","No Part Selected","","","","","","","","","A EXACT APPROVED","NO JLC MATCH","C221880","PTS645SM43SMTR92LFS","CTO ruling: all eight buttons locked to one part, 1.6N. Recommended: C221880, C&K PTS645SM43SMTR92LFS - in the locked PTS645Sx43SMTR92 LFS family, SMD-4P 6x6mm gull wing, 4.3mm actuator, 1.6N, stock 8462, enough for all eight. The 'x' in the locked designation is the actuation-force letter, which the design has never fixed, so choosing it (H=2N / K=2.6N / L=1.3N / M=1.6N) is a CTO call on button feel. All eight must use one part."
"SW2","1","UP","SW_SPST_PTS645Sx43SMTR92","C&K / Littelfuse","PTS645SM43SMTR92LFS","No matches","No Part Selected","","","","","","","","","A EXACT APPROVED","NO JLC MATCH","C221880","PTS645SM43SMTR92LFS","CTO ruling: all eight buttons locked to one part, 1.6N. Recommended: C221880, C&K PTS645SM43SMTR92LFS - in the locked PTS645Sx43SMTR92 LFS family, SMD-4P 6x6mm gull wing, 4.3mm actuator, 1.6N, stock 8462, enough for all eight. The 'x' in the locked designation is the actuation-force letter, which the design has never fixed, so choosing it (H=2N / K=2.6N / L=1.3N / M=1.6N) is a CTO call on button feel. All eight must use one part."
"SW3","1","DOWN","SW_SPST_PTS645Sx43SMTR92","C&K / Littelfuse","PTS645SM43SMTR92LFS","No matches","No Part Selected","","","","","","","","","A EXACT APPROVED","NO JLC MATCH","C221880","PTS645SM43SMTR92LFS","CTO ruling: all eight buttons locked to one part, 1.6N. Recommended: C221880, C&K PTS645SM43SMTR92LFS - in the locked PTS645Sx43SMTR92 LFS family, SMD-4P 6x6mm gull wing, 4.3mm actuator, 1.6N, stock 8462, enough for all eight. The 'x' in the locked designation is the actuation-force letter, which the design has never fixed, so choosing it (H=2N / K=2.6N / L=1.3N / M=1.6N) is a CTO call on button feel. All eight must use one part."
"SW4","1","LEFT","SW_SPST_PTS645Sx43SMTR92","C&K / Littelfuse","PTS645SM43SMTR92LFS","No matches","No Part Selected","","","","","","","","","A EXACT APPROVED","NO JLC MATCH","C221880","PTS645SM43SMTR92LFS","CTO ruling: all eight buttons locked to one part, 1.6N. Recommended: C221880, C&K PTS645SM43SMTR92LFS - in the locked PTS645Sx43SMTR92 LFS family, SMD-4P 6x6mm gull wing, 4.3mm actuator, 1.6N, stock 8462, enough for all eight. The 'x' in the locked designation is the actuation-force letter, which the design has never fixed, so choosing it (H=2N / K=2.6N / L=1.3N / M=1.6N) is a CTO call on button feel. All eight must use one part."
"SW6","1","A_SELECT","SW_SPST_PTS645Sx43SMTR92","C&K / Littelfuse","PTS645SM43SMTR92LFS","No matches","No Part Selected","","","","","","","","","A EXACT APPROVED","NO JLC MATCH","C221880","PTS645SM43SMTR92LFS","CTO ruling: all eight buttons locked to one part, 1.6N. Recommended: C221880, C&K PTS645SM43SMTR92LFS - in the locked PTS645Sx43SMTR92 LFS family, SMD-4P 6x6mm gull wing, 4.3mm actuator, 1.6N, stock 8462, enough for all eight. The 'x' in the locked designation is the actuation-force letter, which the design has never fixed, so choosing it (H=2N / K=2.6N / L=1.3N / M=1.6N) is a CTO call on button feel. All eight must use one part."
"SW7","1","B_BACK","SW_SPST_PTS645Sx43SMTR92","C&K / Littelfuse","PTS645SM43SMTR92LFS","No matches","No Part Selected","","","","","","","","","A EXACT APPROVED","NO JLC MATCH","C221880","PTS645SM43SMTR92LFS","CTO ruling: all eight buttons locked to one part, 1.6N. Recommended: C221880, C&K PTS645SM43SMTR92LFS - in the locked PTS645Sx43SMTR92 LFS family, SMD-4P 6x6mm gull wing, 4.3mm actuator, 1.6N, stock 8462, enough for all eight. The 'x' in the locked designation is the actuation-force letter, which the design has never fixed, so choosing it (H=2N / K=2.6N / L=1.3N / M=1.6N) is a CTO call on button feel. All eight must use one part."
"SW8","1","HOME","SW_SPST_PTS645Sx43SMTR92","C&K / Littelfuse","PTS645SM43SMTR92LFS","No matches","No Part Selected","","","","","","","","","A EXACT APPROVED","NO JLC MATCH","C221880","PTS645SM43SMTR92LFS","CTO ruling: all eight buttons locked to one part, 1.6N. Recommended: C221880, C&K PTS645SM43SMTR92LFS - in the locked PTS645Sx43SMTR92 LFS family, SMD-4P 6x6mm gull wing, 4.3mm actuator, 1.6N, stock 8462, enough for all eight. The 'x' in the locked designation is the actuation-force letter, which the design has never fixed, so choosing it (H=2N / K=2.6N / L=1.3N / M=1.6N) is a CTO call on button feel. All eight must use one part."
"SW9","1","SW_SPDT","SW_SPDT_CK_JS102011SAQN","C&K (Littelfuse)","JS102011SAQN","No matches","No Part Selected","","","","","","","","","A EXACT APPROVED","NO JLC MATCH","C221660","JS102011SAQN","JLC reported No matches; the exact C&K JS102011SAQN SPDT slide switch is C221660, stock 946."
